location,dist,azimuth,location_type,city_8,orig_country_103
"('Madina', 'Madina', 'Ghana')",0.01,0.0,14,Accra,Ghana
"('Madina', 'Adenta', 'Ghana')",0.01,0.0,1,Accra,Ghana
"('Madina', 'Madina99', 'Ghana')",0.01,0.0,1,Accra,Ghana
"('Kayole', 'Nairobi', 'Kenya')",0.01,3.141592653589793,1,Nairobi,Kenya
"('Kayole', 'Kayole', 'Kenya')",0.01,3.141592653589793,2,Nairobi,Kenya
"('Ocansey Junction', 'Madina', 'Ghana')",0.01,0.0,1,Accra,Ghana
"('Old Fadama', 'Accra', 'Ghana')",0.01,0.0,9,Accra,Ghana
"('Old Fadama', 'Old Fadama', 'Ghana')",0.01,0.0,2,Accra,Ghana
"('Ongata Rongai', 'Nairobi', 'Kenya')",0.01,3.141592653589793,3,Nairobi,Kenya
"('Ongata Rongai', 'Rongai', 'Kenya')",0.01,3.141592653589793,1,Nairobi,Kenya
"('Kawangware', 'Kawangware', 'Kenya')",0.01,3.141592653589793,2,Nairobi,Kenya
"('Katlehong', 'Katlehong', 'South Africa')",0.01,3.141592653589793,10,Johannesburg,South Africa
"('Madina', 'Accra', 'Ghana')",0.01,0.0,19,Accra,Ghana
"('Sakele', 'Katlehong', 'South Africa')",0.01,3.141592653589793,1,Johannesburg,South Africa
"('James Town', 'Jamestown', 'Ghana')",0.01,0.0,1,Accra,Ghana
"('Katlehong', 'Johannesburg', 'South Africa')",0.01,3.141592653589793,1,Johannesburg,South Africa
"('Bereasa', 'Berea', 'South Africa')",0.01,3.141592653589793,1,Johannesburg,South Africa
"('Diepsloot', 'Diepsloot', 'South Africa')",0.01,3.141592653589793,9,Johannesburg,South Africa
"('nan', 'Kayole', 'Kenya')",0.01,3.141592653589793,2,Nairobi,Kenya
"('Berea', 'Berea', 'South Africa')",0.01,3.141592653589793,3,Johannesburg,South Africa
"('James Town', 'Asene', 'Ghana')",0.01,0.0,1,Accra,Ghana
"('James Town', 'Accra', 'Ghana')",0.01,0.0,1,Accra,Ghana
"('nan', 'Diepsloot', 'South Africa')",0.01,3.141592653589793,1,Johannesburg,South Africa
"('Bukom', 'Accra', 'Ghana')",0.38384751859694877,1.9364707852470544,1,Accra,Ghana
"('Bukom', 'Bukom', 'Ghana')",0.38384751859694877,1.9364707852470544,1,Accra,Ghana
"('Asene Kotopong', 'Jamestown', 'Ghana')",0.44689194120600334,1.0288648999753573,1,Accra,Ghana
"('Palladium', 'Jamestown', 'Ghana')",0.44689194120600334,1.0288648999753573,1,Accra,Ghana
"('Abgado', 'Jamestown', 'Ghana')",0.44689194120600334,1.0288648999753573,1,Accra,Ghana
"('Jamestown', 'Jamestown', 'Ghana')",0.44689194120600334,1.0288648999753573,4,Accra,Ghana
"('Hillbrow', 'Berea', 'South Africa')",0.7974630690318818,-2.3389560357626613,2,Johannesburg,South Africa
"('Hillbrow', 'H', 'South Africa')",0.7974630690318818,-2.3389560357626613,1,Johannesburg,South Africa
"('Yeoville', 'Yeoville', 'South Africa')",1.211691162528875,-0.13563352708369447,1,Johannesburg,South Africa
"('Adenta', 'Adenta', 'Ghana')",1.967693780863146,1.6321607381661996,9,Accra,Ghana
"('Adenta', 'Accra', 'Ghana')",1.967693780863146,1.6321607381661996,1,Accra,Ghana
"('Korle Gonno', 'Korle Gonno', 'Ghana')",2.08886682335669,-2.9705471495914035,3,Accra,Ghana
"('Korle Bu', 'Accra', 'Ghana')",2.2568468998615514,3.139836688636087,1,Accra,Ghana
"('Johannesburg', 'Berea', 'South Africa')",2.274879769871779,-1.7475468800886256,2,Johannesburg,South Africa
"('Circle', 'Circle', 'Ghana')",2.397121156626906,1.2480031943133472,1,Accra,Ghana
"('Adabraka', 'Adabraka', 'Ghana')",2.4564368464493174,0.920524026625745,1,Accra,Ghana
"('Atukpai', 'Accra', 'Ghana')",2.578224076611351,1.1686465786159905,1,Accra,Ghana
"('Kaneshie', 'Old Fadama', 'Ghana')",3.177840796793773,2.3259023067456144,2,Accra,Ghana
"('Mamprobi', 'Jamestown', 'Ghana')",3.3072338423847025,-3.137856484498071,1,Accra,Ghana
"('Melville', 'Melville', 'South Africa')",4.757846194171421,2.9951410181353713,1,Johannesburg,South Africa
"('Legon', 'Legon', 'Ghana')",4.9427648588716195,-2.0999440765517345,7,Accra,Ghana
"('Kaneshie', 'Kaneshie', 'Ghana')",5.158768373744624,2.3223660780369166,5,Accra,Ghana
"('Otublohum', 'Accra', 'Ghana')",5.255665128981602,1.788948683511223,1,Accra,Ghana
"('nan', 'Otublohum Street', 'Ghana')",5.255665128981602,1.788948683511223,1,Accra,Ghana
"('Malvern', 'East London', 'South Africa')",5.707028501467533,-0.33633624487445146,1,Johannesburg,South Africa
"('La', 'Accra', 'Ghana')",6.433132742083135,0.43657443542830676,2,Accra,Ghana
"('Nairobi', 'Nairobi', 'Kenya')",7.292625401689183,-0.05864104130538112,29,Nairobi,Kenya
"(' Fourways', ' Fourways', 'South Africa')",7.320956784990286,-1.6721118402375497,13,Johannesburg,South Africa
"('Blairgowrie', 'Johannesburg', 'South Africa')",8.642681405000786,2.1987091379693378,1,Johannesburg,South Africa
"('Alberton', 'Alberton', 'South Africa')",8.825800202074923,1.8769982676700454,10,Johannesburg,South Africa
"('Gomora', 'Alexandra', 'South Africa')",9.161545646139178,0.9868492570334196,1,Johannesburg,South Africa
"('Germiston', 'Katlehong', 'South Africa')",11.206976085850114,1.2748950593209036,2,Johannesburg,South Africa
"('Germiston', 'Germiston', 'South Africa')",11.206976085850114,1.2748950593209036,19,Johannesburg,South Africa
"('Ramkonopi', 'Germiston', 'South Africa')",11.206976085850114,1.2748950593209036,1,Johannesburg,South Africa
"('Nima', 'Nima', 'Ghana')",12.12622969311407,-1.8579844666426064,3,Accra,Ghana
"('Diepkloof', 'Diepkloof', 'South Africa')",12.842755795740882,-2.666277567822085,1,Johannesburg,South Africa
"('Rafiki', ""Mkang'ombe"", 'Kenya')",12.916017205782213,0.8901349376387483,1,Nairobi,Kenya
"('Teshie', 'Teshie', 'Ghana')",13.06208051854956,-1.0941830615065484,1,Accra,Ghana
"('Labadi', 'Labadi', 'Ghana')",14.099548506676463,-1.4917921981081894,1,Accra,Ghana
"('Sandton', 'Sandton', 'South Africa')",14.122173090490453,-1.2724117926607788,5,Johannesburg,South Africa
"('Accra', 'Accra', 'Ghana')",14.8727744293017,-1.8227598953945459,42,Accra,Ghana
"('Maritzburg', 'Maritzburg', 'South Africa')",16.158675506263727,2.23335236485368,1,Johannesburg,South Africa
"('Randburg', 'Randburg', 'South Africa')",16.718497880290133,-1.8082779087506078,3,Johannesburg,South Africa
"('Johannesburg', 'Johannesburg', 'South Africa')",17.281376831528767,2.278070464847386,37,Johannesburg,South Africa
"('Tema', 'Tema', 'Ghana')",17.729620306110053,-0.16940640747343985,4,Accra,Ghana
"('Korle Bu', 'Korle Bu', 'Ghana')",18.163831184196287,-1.9648575591715705,1,Accra,Ghana
"('Soweto', 'Naledi', 'South Africa')",18.535022445418488,-2.924450920101656,1,Johannesburg,South Africa
"('Soweto', 'Diepkloof', 'South Africa')",18.535022445418488,-2.924450920101656,1,Johannesburg,South Africa
"('Nancefield', 'Nancefield', 'South Africa')",19.567409462089625,-2.47047928478455,1,Johannesburg,South Africa
"('Tembisa', 'Tembisa', 'South Africa')",22.730397131250417,0.7632640078391699,1,Johannesburg,South Africa
"('Zaza', 'Zaza', 'South Africa')",22.85846858682719,-0.3294020495874647,1,Johannesburg,South Africa
"('Kiambu', 'Kiambu', 'Kenya')",23.691418564877555,2.063757248081799,6,Nairobi,Kenya
"('Kempton Park', 'Kempton Park', 'South Africa')",25.47625071666198,1.202632997160804,2,Johannesburg,South Africa
"('Thika', 'Thika', 'Kenya')",27.098240105490643,0.8519303749654082,2,Nairobi,Kenya
"('Benoni', 'Benoni', 'South Africa')",28.269049038635053,-0.03752643867784306,1,Johannesburg,South Africa
"('Mamfe', 'Mamfe', 'Ghana')",28.75049264861433,1.3631970838426644,1,Accra,Ghana
"('Gatundu', 'Gatundu', 'Kenya')",29.029020367728723,0.9391493610130172,1,Nairobi,Kenya
"('Krugersdorp', 'Krugersdorp', 'South Africa')",30.676637283959373,-2.5843070258004732,1,Johannesburg,South Africa
"('Soweto', 'Molapo', 'South Africa')",31.674956266021496,-2.005141937695229,1,Johannesburg,South Africa
"('Nsawam', 'Nsawam', 'Ghana')",34.43759158596646,2.0206478973093844,3,Accra,Ghana
"('Aburi', 'Aburi', 'Ghana')",34.91213309842991,1.4594147929166483,2,Accra,Ghana
"('Dlamini', 'Soweto', 'South Africa')",36.66956860476346,-1.978747363502392,1,Johannesburg,South Africa
"('Brits', 'Brits', 'South Africa')",38.847842607839546,2.27176464340548,2,Johannesburg,South Africa
"('nan', 'Natalspruit', 'South Africa')",39.62162114103041,-1.1592116870598839,1,Johannesburg,South Africa
"('Randfontein', 'Randfontein', 'South Africa')",39.81091515081241,3.12025521314259,1,Johannesburg,South Africa
"(""Murang'A"", ""Murang'A"", 'Kenya')",39.955533638380565,1.321833783295082,4,Nairobi,Kenya
"('Bawjiase', 'Bawjiase', 'Ghana')",41.63278325071279,2.734911256104147,1,Accra,Ghana
"('Springs', 'Delmas', 'South Africa')",42.35114375686261,-0.14119103836192204,1,Johannesburg,South Africa
"('Katlehong', 'Hamanskraal', 'South Africa')",42.98804393286708,-1.1984386277754087,1,Johannesburg,South Africa
"('Betom', 'Koforidua', 'Ghana')",45.119795976750076,1.7848886007022795,1,Accra,Ghana
"('Mamelodi', 'Kwamhlanga', 'South Africa')",46.14909102751692,0.47455098990017247,1,Johannesburg,South Africa
"('Koforidua', 'Koforidua', 'Ghana')",47.21986671610261,1.7921498875227388,12,Accra,Ghana
"('Aboabo', 'Aboabo', 'Ghana')",48.67128074755284,1.724399670312533,1,Accra,Ghana
"('Murang""A', 'Murang`a', 'Kenya')",48.80265867253468,0.9548640112807334,1,Nairobi,Kenya
"('Winneba', 'Winneba', 'Ghana')",49.925771457373415,-2.7146210030775912,2,Accra,Ghana
"('Akropong', 'Akropong', 'Ghana')",50.21864327468764,1.30067574649223,1,Accra,Ghana
"('nan', 'Kangema', 'Kenya')",52.03895730738191,1.466702241493541,1,Nairobi,Kenya
"('Kangema', 'Kangema', 'Kenya')",52.03895730738191,1.466702241493541,1,Nairobi,Kenya
"('Agona Swedru', 'Agona Swedru', 'Ghana')",54.22579116188611,-3.13883661364552,1,Accra,Ghana
"('Westonaria', 'Westernaria', 'South Africa')",55.35459011037094,3.104446002720618,1,Johannesburg,South Africa
"('nan', 'Kiriani', 'Kenya')",55.47180477343189,1.0620393448940713,1,Nairobi,Kenya
"('Ga-Rankuwa', 'Ga-Rankuwa', 'South Africa')",57.0920949427548,1.6618399408225255,1,Johannesburg,South Africa
"('Kinangop', 'Kinangop', 'Kenya')",57.292852397929735,2.111333826325069,2,Nairobi,Kenya
"('Pretoria', 'Pretoria', 'South Africa')",58.34789330208944,1.4983392200346266,3,Johannesburg,South Africa
"('Mamelodi', 'Tshwane', 'South Africa')",58.42558069809099,0.8986008570395186,1,Johannesburg,South Africa
"('Suhum', 'Suhum', 'Ghana')",61.90613826182592,2.0235808187626714,2,Accra,Ghana
"('Nkurakan', 'Nkurakan', 'Ghana')",64.29945205512082,1.553889054443361,1,Accra,Ghana
"('Tawa', 'Tawa', 'Kenya')",66.00796305682059,-0.3904961664365571,1,Nairobi,Kenya
"('Atimpoku', 'Atimpoku', 'Ghana')",66.657327669014,1.1284575712265021,1,Accra,Ghana
"('Muranga', 'Muranga', 'Kenya')",66.86698308601385,0.8286505396261742,5,Nairobi,Kenya
"('Somanya', 'Somanya', 'Ghana')",66.9316675317,1.2418785452394814,3,Accra,Ghana
"('Ekalakala', 'Ekalakala', 'Kenya')",68.95710605687995,0.31265558156603235,1,Nairobi,Kenya
"('Naivasha', 'Naivasha', 'Kenya')",69.5725848363709,2.0904277531612796,1,Nairobi,Kenya
"('Salama', 'Salama', 'Kenya')",69.76976111360614,-0.6172566849513988,1,Nairobi,Kenya
"('Machakos', 'Machakos', 'Kenya')",71.4290855789395,-0.0006713596871269718,18,Nairobi,Kenya
"('Karatina', 'Karatina', 'Kenya')",73.47283947420144,1.2466522004140437,1,Nairobi,Kenya
"('Kilome', 'Kilome', 'Kenya')",73.84793369095294,-0.5062119945673055,1,Nairobi,Kenya
"('Sagana', 'Sagana', 'Kenya')",74.3977913781704,0.8185200840548847,1,Nairobi,Kenya
"('Bunso', 'Bunso', 'Ghana')",74.58635774999445,2.0291021849772997,1,Accra,Ghana
"(""Murang'A Town"", ""Murang'A Town"", 'Kenya')",74.90852372752848,0.9227044314961421,1,Nairobi,Kenya
"('Kajiado', 'Kajiado', 'Kenya')",75.38361650600152,-1.515417520290787,3,Nairobi,Kenya
"('Masii', 'Masii', 'Kenya')",76.48025825573772,-0.0750909634727998,1,Nairobi,Kenya
"('nan', 'Lethabong', 'South Africa')",76.50835318200326,2.4378278727340907,1,Johannesburg,South Africa
"('Nyeri', 'Nyeri', 'Kenya')",79.77536542824363,1.2842839744505437,4,Nairobi,Kenya
"('Kirinyaga', 'Kirinyaga', 'Kenya')",82.78284287260941,1.0229896911538285,2,Nairobi,Kenya
"('Villiers', 'Free State', 'South Africa')",84.10017851033207,-0.9336254651448114,1,Johannesburg,South Africa
"('Akumfi', 'Akumfi', 'Ghana')",84.80940661335114,-2.797024578939664,1,Accra,Ghana
"('Anyinam', 'Anyinam', 'Ghana')",87.34838422456122,2.0700792859501176,1,Accra,Ghana
"('Rustenburg', 'Rustenburg', 'South Africa')",89.16270767111551,2.842452390843503,1,Johannesburg,South Africa
"('Kerugoya', 'Kerugoya', 'Kenya')",90.90949112526316,0.867948628260436,2,Nairobi,Kenya
"('Sogakope', 'Sogakope', 'Ghana')",91.23820895503812,0.3910594142449969,2,Accra,Ghana
"('Wote', 'Wote', 'Kenya')",91.24999928842868,-0.5207872917754484,4,Nairobi,Kenya
"('Oda', 'Oda', 'Ghana')",93.1550979593387,2.9455657393565517,2,Accra,Ghana
"('Kade', 'Kade', 'Ghana')",93.62221253754103,2.4062722781012678,1,Accra,Ghana
"('Akim Oda', 'Akim Oda', 'Ghana')",94.0948362050589,2.861192986126081,4,Accra,Ghana
"('nan', 'Nyandarua', 'Kenya')",94.16714606634145,1.8698415076571937,1,Nairobi,Kenya
"('Namanga', 'Namanga', 'Kenya')",102.78000460296589,-1.5220702408038793,1,Nairobi,Kenya
"('Kwamhlanga', 'Kwamhlanga', 'South Africa')",103.43642362081569,0.7954761769688847,1,Johannesburg,South Africa
"('Mankessim', 'Mankessim', 'Ghana')",104.97261322710001,-2.6808347004430564,1,Accra,Ghana
"('Runsternburg', 'Tlhabane', 'South Africa')",106.95479427964635,2.615713506514502,1,Johannesburg,South Africa
"('Ol Kalou', 'Ol Kalou', 'Kenya')",109.22306162072452,1.9546278962382144,1,Nairobi,Kenya
"('Kyua', 'Kyua', 'Kenya')",111.95351390069287,-0.00833458814666103,1,Nairobi,Kenya
"('Saltpond', 'Saltpond', 'Ghana')",112.13798863502019,-2.6410551465956624,1,Accra,Ghana
"('Saltpond', 'Cape Coast', 'Ghana')",112.13798863502019,-2.6410551465956624,1,Accra,Ghana
"('Phokeng', 'Phokeng', 'South Africa')",116.03995181227096,2.596682626859119,1,Johannesburg,South Africa
"('Nakuru', 'Nakuru', 'Kenya')",117.11782229175583,2.266232161290216,6,Nairobi,Kenya
"('Nkawkaw', 'Nkawkaw', 'Ghana')",117.18253327008865,2.1751031151221527,4,Accra,Ghana
"('Secunda', 'Secunda', 'South Africa')",117.84075777619728,-0.14701911939962797,1,Johannesburg,South Africa
"('Thokoza', 'Thokoza', 'South Africa')",118.44396325284514,0.9162904573375034,5,Johannesburg,South Africa
"('Thokoza', 'Johannesburg', 'South Africa')",118.44396325284514,0.9162904573375034,1,Johannesburg,South Africa
"('Alakple', 'Alakple', 'Ghana')",118.49597655621761,0.16997818820076802,1,Accra,Ghana
"('Kwahu', 'Kwahu', 'Ghana')",118.87995861875041,2.0608085748048763,1,Accra,Ghana
"('Embu', 'Embu', 'Kenya')",120.9362831052233,0.5724891806314639,5,Nairobi,Kenya
"('Githunguri', 'Githunguri', 'Kenya')",122.29345097169661,0.839734082553226,1,Nairobi,Kenya
"('Aidan', 'Cape Coast', 'Ghana')",123.74532857981312,-2.746114263547332,1,Accra,Ghana
"('Ho', 'Ho', 'Ghana')",124.83746544881589,0.9717323201500807,9,Accra,Ghana
"('nan', 'Ngethi', 'Kenya')",126.50582725930167,0.21602831636472414,1,Nairobi,Kenya
"('Anloga', 'Anloga', 'Ghana')",126.91251391025472,0.21637829759266247,1,Accra,Ghana
"('Chuka', 'Chuka', 'Kenya')",130.30980247809953,0.6946309746781566,1,Nairobi,Kenya
"('Witbank', 'Witbank', 'South Africa')",130.66953587159796,0.2296728359856268,1,Johannesburg,South Africa
"('Keta', 'Keta', 'Ghana')",130.77578373898143,0.20144290073153454,2,Accra,Ghana
"('Mpraeso', 'Mpraeso', 'Ghana')",131.48710596149775,2.026281878804758,3,Accra,Ghana
"('Sakhile', 'Katlehong', 'South Africa')",132.36526854532605,-0.4782167070929096,2,Johannesburg,South Africa
"('Makindu', 'Makindu', 'Kenya')",134.5824613201992,-0.7259222695515911,1,Nairobi,Kenya
"('Obo Kwahu', 'Obo', 'Ghana')",134.96916063969175,2.0502645269376316,1,Accra,Ghana
"('Cape Coast', 'Cape Coast', 'Ghana')",135.2528069705219,-2.644940392393452,8,Accra,Ghana
"('Makueni', 'Makueni', 'Kenya')",138.0524464544846,-0.6836624711957153,5,Nairobi,Kenya
"('Narok', 'Narok', 'Kenya')",141.82834313742794,3.065987121811906,1,Nairobi,Kenya
"('Dzodze', 'Dzodze', 'Ghana')",142.17142001928804,0.44284107809527196,2,Accra,Ghana
"('Meru', 'Meru', 'Kenya')",142.2571985436946,0.9550525161358032,3,Nairobi,Kenya
"('Juaso', 'Juaso', 'Ghana')",145.05399137320748,2.3825821004719336,1,Accra,Ghana
"('Mwingi', 'Mwingi', 'Kenya')",151.5402809027544,0.27125538941117006,1,Nairobi,Kenya
"('Makueni', 'Wote', 'Kenya')",152.0807049784701,-0.6018446899346368,1,Nairobi,Kenya
"('Dennilton', 'Dennilton', 'South Africa')",152.71796120299484,0.6235738595045986,1,Johannesburg,South Africa
"('Kpando', 'Kpando', 'Ghana')",154.58990871248412,1.2346294833216813,2,Accra,Ghana
"('Konongo', 'Kumasi', 'Ghana')",155.80631209380246,2.40859474110203,1,Accra,Ghana
"('Gbegame', 'Lome', 'Togo')",158.71547700317285,0.5142792347074089,1,Accra,Togo
"('Lome', 'Lome', 'Togo')",160.7659622863131,0.31240410346583436,18,Accra,Togo
"('Zogbedji', 'Lome', 'Togo')",160.7659622863131,0.31240410346583436,1,Accra,Togo
"('Meru Town', 'Meru Town', 'Kenya')",162.17408971082557,0.8982737057177325,1,Nairobi,Kenya
"('Kpangalam', 'Sokode', 'Togo')",165.27383633912186,0.32047432213623384,1,Accra,Togo
"('Klerksdorp', 'Klerksdorp', 'South Africa')",167.84995854812757,-2.7262405867568535,1,Johannesburg,South Africa
"('Aflao', 'Aflao', 'Ghana')",168.60997808944185,0.3837714972318968,2,Accra,Ghana
"('Kinamba', 'Kinamba', 'Kenya')",168.98502319641653,1.8484108161286186,1,Nairobi,Kenya
"('Aflao', 'Aflao', 'Togo')",171.49386955966264,0.4303750858933725,2,Accra,Togo
"('Adawlato', 'Adawlato', 'Togo')",172.00404356414091,0.39137135798029854,1,Accra,Togo
"('nan', 'Lama Kara', 'Togo')",172.9730148205206,0.4060968743175315,1,Accra,Togo
"('Avepozo', 'Lome', 'Togo')",175.43301770108278,0.3104486020904114,1,Accra,Togo
"('Kyebi', 'Kyebi', 'Ghana')",176.89614585437926,2.9972058075510635,1,Accra,Ghana
"('Obuasi', 'Obuasi', 'Ghana')",178.12056911903997,2.8073720893177185,1,Accra,Ghana
"('Kpalime', 'Kpalime', 'Togo')",178.65124060619098,1.0131923503829539,5,Accra,Togo
"('Agou', 'Agou', 'Togo')",179.44549228241445,0.9441509171045176,1,Accra,Togo
"('Kitui', 'Kitui', 'Kenya')",181.6929977103207,-0.1378914368679044,11,Nairobi,Kenya
"('Bekwai', 'Bekwai', 'Ghana')",183.21645150182852,2.5479648500842145,1,Accra,Ghana
"('Takoradi', 'Takoradi', 'Ghana')",184.44404334762532,-2.731075644465247,7,Accra,Ghana
"('Ainamoi', 'Kericho', 'Kenya')",185.26601417714582,2.6403615014890183,1,Nairobi,Kenya
"('Ngaramtoni', 'Ngaramtoni', 'Tanzania')",185.39205905011914,-1.726746794422628,1,Nairobi,Tanzania
"('Bethlehem', 'Bethlehem', 'South Africa')",186.54512799580323,-1.4691237135706623,1,Johannesburg,South Africa
"('Ejisu', 'Ejisu', 'Ghana')",186.73875595550174,2.480784544496498,2,Accra,Ghana
"('Kericho', 'Kericho', 'Kenya')",187.52907353832512,2.6186831988592094,1,Nairobi,Kenya
"('Sekondi', 'Sekondi', 'Ghana')",190.12560238491253,-2.6874502272668868,3,Accra,Ghana
"('Hohoe', 'Hohoe', 'Ghana')",194.65364427072313,1.1616918598592474,2,Accra,Ghana
"('Ashanti Mampong', 'Ashanti Mampong', 'Ghana')",194.7759682001657,2.517581862324769,1,Accra,Ghana
"('Sondu', 'Sondu', 'Kenya')",194.87047730323383,2.7495400642571766,1,Nairobi,Kenya
"('Atonsu', 'Kumasi', 'Ghana')",195.03651567257498,2.458826296338557,1,Accra,Ghana
"('Fante New Town', 'Kumasi', 'Ghana')",195.3044076859241,2.5310441046160874,1,Accra,Ghana
"('Maua', 'Maua', 'Kenya')",195.31576347541187,0.822735702436517,1,Nairobi,Kenya
"('Moshi', 'Moshi', 'Tanzania')",195.51412039175761,-1.2173260116125817,1,Nairobi,Tanzania
"('Windy Ridge', 'Takoradi', 'Ghana')",196.1769164598989,-2.6846733109625283,1,Accra,Ghana
"('Kumasi', 'Kumasi', 'Ghana')",196.40088264922133,2.531191449409267,9,Accra,Ghana
"('Arusha', 'Arusha', 'Tanzania')",201.75927034656948,-1.623103567184356,3,Nairobi,Tanzania
"('nan', 'Dadieso', 'Ghana')",202.88836534414241,3.041934413586127,1,Accra,Ghana
"('nan', 'Sachangwan', 'Kenya')",204.02669203802677,2.1912684899619124,1,Nairobi,Kenya
"('Mampong', 'Mampong', 'Ghana')",204.78384033989994,2.302007168515904,1,Accra,Ghana
"('Keroka', 'Kisii', 'Kenya')",205.24836793480782,2.9170297043214726,1,Nairobi,Kenya
"('nan', 'Cotonou', 'Togo')",205.62766354170284,0.3004497562634546,1,Accra,Togo
"('Nyamira', 'Nyamira', 'Kenya')",209.4474298458329,2.8648777352591197,11,Nairobi,Kenya
"('Nkawie', 'Nkawie', 'Ghana')",211.88949089868285,2.6001077602571603,1,Accra,Ghana
"('Vogan', 'Vogan', 'Togo')",212.59270980821432,0.4241389124903314,1,Accra,Togo
"('Volksrust', 'Mpumalanga', 'South Africa')",216.28637741813444,-0.47516593643964045,1,Johannesburg,South Africa
"('Katito', 'Katito', 'Kenya')",217.12810403028206,2.7041612207155716,1,Nairobi,Kenya
"('Ermelo', 'Ermelo', 'South Africa')",217.33815786799124,-0.14856739495138382,1,Johannesburg,South Africa
"('Mokopane', 'Mokopane', 'South Africa')",222.86558801929624,1.0629486886340953,1,Johannesburg,South Africa
"('Kapsabet', 'Kapsabet', 'Kenya')",226.60477604476642,2.5041685919017826,1,Nairobi,Kenya
"('Kisii', 'Kisii', 'Kenya')",226.95541672778117,2.9221338783085686,18,Nairobi,Kenya
"('Kilgoris', 'Kilgoris', 'Kenya')",227.20551148179433,3.0377360330505545,1,Nairobi,Kenya
"('Phuthaditjhaba', 'Phuthaditjhaba', 'South Africa')",227.26952505942143,-1.2313497321627087,1,Johannesburg,South Africa
"('Mannies', 'Welkom', 'South Africa')",230.0839607860314,-2.24954447731562,1,Johannesburg,South Africa
"('Eldoret', 'Eldoret', 'Kenya')",230.75752682606296,2.353386183866443,3,Nairobi,Kenya
"('Uasin Gishu', 'Uasin Gishu', 'Kenya')",232.97240861032665,2.3213964542215204,1,Nairobi,Kenya
"('Oyugis', 'Oyugis', 'Kenya')",234.34832489068643,2.8364748077358795,5,Nairobi,Kenya
"('Hleswaneng', 'Jane Furse', 'South Africa')",234.838328261822,0.5001946677999629,1,Johannesburg,South Africa
"('nan', 'Madibong', 'South Africa')",238.2230024376764,0.5076150684946598,1,Johannesburg,South Africa
"('Newcastle', 'Newcastle', 'South Africa')",240.51508126695825,-0.6087452998553592,1,Johannesburg,South Africa
"('Ahero', 'Ahero', 'Kenya')",242.66176481276275,2.7170754616827275,1,Nairobi,Kenya
"('Rongo', 'Rongo', 'Kenya')",242.94453382879578,2.9436228386937437,1,Nairobi,Kenya
"('Abujuro', 'Abujuro', 'Ghana')",244.60453209851542,1.4957241509699712,1,Accra,Ghana
"('Kisumu', 'Kisumu', 'Kenya')",245.80514193091705,2.6882632231563743,31,Nairobi,Kenya
"('nan', 'Bato', 'Togo')",246.6537437312288,1.1618776005117097,1,Accra,Togo
"('Ogembo', 'Ogembo', 'Kenya')",246.8298632263189,2.9675979675261903,1,Nairobi,Kenya
"('Awendo', 'Awendo', 'Kenya')",248.58017229350835,3.004302297902599,4,Nairobi,Kenya
"('Hlotse', 'Hlotse', 'Lesotho')",248.655904134628,-1.6019299236184263,1,Johannesburg,Lesotho
"('Taita Taveta', 'Taita Taveta', 'Kenya')",248.93005150577633,-0.8563757399811532,1,Nairobi,Kenya
"('Kete Krachi', 'Kete Krachi', 'Ghana')",251.1535275183025,1.4944444762875264,1,Accra,Ghana
"('Lebowakgomo', 'Lebowakgomo', 'South Africa')",251.58106083051976,0.9032620108273447,1,Johannesburg,South Africa
"('Newtown', 'Newtown', 'Ghana')",251.87181725761917,3.0858434075922654,1,Accra,Ghana
"('nan', 'Bibiani', 'Ghana')",252.28856496271058,2.7968113147866775,1,Accra,Ghana
"('Bibiani', 'Bibiani', 'Ghana')",254.1141106233903,2.7283973861568227,1,Accra,Ghana
"('Migori Town', 'Migori Town', 'Kenya')",254.25512313495,3.064939476277349,2,Nairobi,Kenya
"('Pietersburg', 'Pietersburg', 'South Africa')",254.92029542832952,0.8798581122642302,2,Johannesburg,South Africa
"('Chavakali', 'Chavakali', 'Kenya')",257.06318732781864,2.6206782064335172,1,Nairobi,Kenya
"('nan', 'Kasule', 'Kenya')",259.0196900858691,2.710519661463709,1,Nairobi,Kenya
"('nan', 'Dumbe', 'South Africa')",259.69135543553375,-1.0704096659858073,1,Johannesburg,South Africa
"('Mbale', 'Mbale', 'Kenya')",260.3909808796558,-0.7923845050957007,1,Nairobi,Kenya
"('Mafikeng', 'Mafikeng', 'South Africa')",260.6876460800094,3.1156464252190026,2,Johannesburg,South Africa
"('nan', 'Kisumu', 'Kenya')",261.9654143442435,2.7228677043580722,1,Nairobi,Kenya
"('Voi', 'Voi', 'Kenya')",263.69285901527985,-0.781587489889933,1,Nairobi,Kenya
"('Gaborone', 'Gaborone', 'Botswana')",264.9545100537029,2.639312721234129,1,Johannesburg,Botswana
"('Atakpame', 'Atakpame', 'Togo')",266.14711391485406,0.9780578279812049,1,Accra,Togo
"('Gucha', 'Gucha', 'Kenya')",266.18128623855193,2.979383504433716,1,Nairobi,Kenya
"('Gisambai', 'Gisambai', 'Kenya')",268.3988829891277,2.674986582503604,1,Nairobi,Kenya
"('Kakamega', 'Kitale', 'Kenya')",269.3386015035923,2.4945118495864844,1,Nairobi,Kenya
"('Kakamega', 'Kakamega', 'Kenya')",269.3386015035923,2.4945118495864844,18,Nairobi,Kenya
"('Qwaqwa', 'Qwaqwa', 'South Africa')",270.0659701744968,-1.2272485609130388,1,Johannesburg,South Africa
"('nan', 'eMnambithi', 'South Africa')",271.1820318693481,-0.8377725069276881,1,Johannesburg,South Africa
"('nan', 'Maseno', 'Kenya')",271.74214040531604,2.6964083996656583,1,Nairobi,Kenya
"('Migori', 'Migori', 'Kenya')",271.9435161483056,3.0543637670520813,12,Nairobi,Kenya
"('Kamina', 'Lome', 'Togo')",273.5108336538051,1.1446227365868404,1,Accra,Togo
"('Vihiga', 'Vihiga', 'Kenya')",273.73524222983235,2.673031422639,1,Nairobi,Kenya
"('Homa Bay', 'Homa Bay', 'Kenya')",277.59287427028966,2.902348612376076,8,Nairobi,Kenya
"('Polokwane', 'Polokwane', 'South Africa')",278.3579243165202,1.0118161426740377,7,Johannesburg,South Africa
"('Webuye', 'Webuye', 'Kenya')",278.3693887577037,2.4724131516935346,1,Nairobi,Kenya
"('Rabuor', 'Rabuor', 'Kenya')",279.3582121490707,2.8954257649658777,1,Nairobi,Kenya
"('Amsterdam', 'Amsterdam', 'South Africa')",280.19777415516705,-0.09871448151799002,1,Johannesburg,South Africa
"('Asante Camp No.1', 'Mampong', 'Ghana')",282.3924725369168,2.76602980600389,1,Accra,Ghana
"('Kitale', 'Kitale', 'Kenya')",284.1893777695408,2.311867853982756,5,Nairobi,Kenya
"('Luanda', 'Luanda', 'Kenya')",284.5920935548253,2.9859915938420056,1,Nairobi,Kenya
"('Maputsoe', 'Maputsoe', 'Lesotho')",285.10376231231095,-1.3776073974766136,1,Johannesburg,Lesotho
"('Yamfo', 'Sunyani', 'Ghana')",285.8343070089004,2.501318793149138,1,Accra,Ghana
"('Old Estate', 'Koforidua', 'Ghana')",286.9044751743338,2.702145908395348,1,Accra,Ghana
"('Bergville', 'Bergville', 'South Africa')",287.6347573188842,-1.0363059698866959,1,Johannesburg,South Africa
"('Sabatia', 'Sabatia', 'Kenya')",287.6810080691183,2.5960287047357453,1,Nairobi,Kenya
"('Allada', 'Allada', 'Benin')",288.02947563871953,0.4490882661330095,1,Accra,Benin
"('Leribe', 'Leribe', 'Lesotho')",288.7339119630349,-1.5405821861776843,1,Johannesburg,Lesotho
"('Tanoso', 'Tanoso', 'Ghana')",289.78484714171503,2.484216422478346,1,Accra,Ghana
"('Dundee', 'Dundee', 'South Africa')",291.15344704147105,-0.6469254972652675,1,Johannesburg,South Africa
"('Bungoma', 'Bungoma', 'Kenya')",292.6090764245548,2.4400610760694668,7,Nairobi,Kenya
"('Bondo', 'Bondo', 'Kenya')",294.96378323617665,2.764501631469556,2,Nairobi,Kenya
"('Trans-Nzoia', 'Transzoia', 'Kenya')",295.47905981288744,2.286682957524064,1,Nairobi,Kenya
"('Trans-Nzoia', 'Trans Nzoia', 'Kenya')",295.47905981288744,2.286682957524064,1,Nairobi,Kenya
"('Gbagemey', 'Cotonou', 'Benin')",296.56883694879787,0.2584193236349396,1,Accra,Benin
"('nan', 'Cotonou', 'Benin')",296.56883694879787,0.2584193236349396,1,Accra,Benin
"('Techiman', 'Techiman', 'Ghana')",297.38792621906805,2.267852159790695,3,Accra,Ghana
"('Kimilili', 'Kimilili', 'Kenya')",299.7626681374419,2.412721939770304,1,Nairobi,Kenya
"('Ladysmith', 'Ladysmith', 'South Africa')",299.91066563380554,-0.8696941389088738,1,Johannesburg,South Africa
"('Maseru', 'Maseru', 'Lesotho')",302.1119041317524,-1.8080279300736264,7,Johannesburg,Lesotho
"('Odumase', 'Odumase', 'Ghana')",302.1225281094931,2.4737218147082447,1,Accra,Ghana
"('Pitseng', 'Pitseng', 'Lesotho')",302.2955591186379,-1.4870190622681894,1,Johannesburg,Lesotho
"('Abomey', 'Abomey', 'Benin')",302.8415811498692,0.6420278598541989,1,Accra,Benin
"('Ugunja', 'Ugunja', 'Kenya')",302.8583871368637,2.681741996151472,1,Nairobi,Kenya
"('nan', 'Free State', 'South Africa')",303.6228159636261,-2.208560865395239,1,Johannesburg,South Africa
"('Yeji', 'Yeji', 'Ghana')",303.64649540263855,1.7313288162553095,1,Accra,Ghana
"('Siaya Town', 'Siaya Town', 'Kenya')",303.78945223980736,2.684433124032429,1,Nairobi,Kenya
"('Siaya', 'Siaya', 'Kenya')",303.89854685398416,2.763088603861669,18,Nairobi,Kenya
"('Cotonou', 'Cotonou', 'Benin')",305.78479477261305,0.30750886723364373,1,Accra,Benin
"('Mumias', 'Mumias', 'Kenya')",305.91380579620886,2.639552781141695,2,Nairobi,Kenya
"('Butiama', 'Butiama', 'Tanzania')",308.2923857821494,-3.011735105553841,1,Nairobi,Tanzania
"('Sunyani', 'Sunyani', 'Ghana')",308.5856291072181,2.4341399875357763,1,Accra,Ghana
"('Limpopo', 'Limpopo', 'South Africa')",311.92902600260504,1.1007175338412625,1,Johannesburg,South Africa
"('Nkwanta', 'Nkwanta', 'Ghana')",313.09867977377246,1.3049302758228012,1,Accra,Ghana
"('Busia', 'Busia', 'Kenya')",313.8751343304977,2.6361740317196785,11,Nairobi,Kenya
"('Bumala', 'Bumala', 'Kenya')",317.15951734968655,2.6639011843295886,2,Nairobi,Kenya
"('nan', 'Porto-Novo', 'Benin')",321.80636991657815,0.28473608744506207,1,Accra,Benin
"('Vryheid', 'Vryheid', 'South Africa')",323.6485775256828,-0.43741096577399635,2,Johannesburg,South Africa
"('Nelspruit', 'Thsh', 'South Africa')",324.8728194290794,0.2547237978965006,1,Johannesburg,South Africa
"('Mbombela', 'Mbombela', 'South Africa')",324.8728194290794,0.2547237978965006,1,Johannesburg,South Africa
"('Nelspruit', 'Nelspruit', 'South Africa')",324.8728194290794,0.2547237978965006,4,Johannesburg,South Africa
"('Mondlo', 'Mondlo', 'South Africa')",325.18521315363074,-0.49745481677465003,1,Johannesburg,South Africa
"('Kpandai', 'Kpandai', 'Ghana')",325.2974589270165,1.4992377793927625,3,Accra,Ghana
"('Malaba', 'Malaba', 'Kenya')",325.4144792298569,2.5699736039295167,1,Nairobi,Kenya
"('Piet Retief', 'Piet Retief', 'South Africa')",327.1465819572353,-0.32022831398069124,1,Johannesburg,South Africa
"('Tzaneen', 'Tzaneen', 'South Africa')",330.29706030942737,0.8200131926681239,3,Johannesburg,South Africa
"('Porto-Novo', 'Porto-Novo', 'Benin')",331.3750862205213,0.3293084297427003,6,Accra,Benin
"('Porto-Novo', 'Cotonou', 'Benin')",331.3750862205213,0.3293084297427003,1,Accra,Benin
"('Berekum', 'Berekum', 'Ghana')",331.40455197156257,2.507930610914181,1,Accra,Ghana
"('Kpassa', 'Kpassa', 'Ghana')",332.5698479333934,1.3930033329566551,2,Accra,Ghana
"('Thaba Tseka', 'Thaba Tseka', 'Lesotho')",333.2160563042247,-1.3713447167555566,1,Johannesburg,Lesotho
"('Nqutu', 'Nquthu', 'South Africa')",333.71939657680724,-0.5697694134089286,2,Johannesburg,South Africa
"('nan', 'Nqutu', 'South Africa')",333.71939657680724,-0.5697694134089286,2,Johannesburg,South Africa
"('Nqutu', 'Nqutu', 'South Africa')",333.71939657680724,-0.5697694134089286,3,Johannesburg,South Africa
"('Funyula', 'Funyula', 'Kenya')",334.7851318419045,2.669004503347395,1,Nairobi,Kenya
"('nan', 'Bududa', 'Uganda')",335.2293702430805,2.451463664544785,1,Nairobi,Uganda
"('nan', 'Bungati', 'Uganda')",335.24256266516994,2.475713164064049,1,Nairobi,Uganda
"('nan', 'Bushika', 'Uganda')",340.78609692984577,2.4617712120799466,1,Nairobi,Uganda
"('Mbaale', 'Mbaale', 'Uganda')",343.6660538007672,2.6805412001336566,1,Nairobi,Uganda
"('Tororo', 'Tororo', 'Uganda')",346.3854634153952,2.573472361472318,2,Nairobi,Uganda
"('Wulensi', 'Wulensi', 'Ghana')",346.6277788261947,1.4994102452108529,1,Accra,Ghana
"('nan', 'Msinga', 'South Africa')",347.27722263159404,-0.7116752963370987,2,Johannesburg,South Africa
"('Msinga', 'Msinga', 'South Africa')",347.27722263159404,-0.7116752963370987,1,Johannesburg,South Africa
"('Lwanda', 'Lwanda', 'Kenya')",347.782577730597,2.7104601330537514,1,Nairobi,Kenya
"('Louis Trichardt', 'Louis Trichardt', 'South Africa')",351.64022293383266,0.9182029107806158,4,Johannesburg,South Africa
"('Makhado', 'Makhado', 'South Africa')",351.64022293383266,0.9182029107806158,5,Johannesburg,South Africa
"('nan', 'Sironko', 'Uganda')",352.373784316944,2.4410690195368083,1,Nairobi,Uganda
"('nan', 'Elim', 'South Africa')",352.79235563061724,0.859529532857571,1,Johannesburg,South Africa
"('Elim', 'Elim', 'South Africa')",352.79235563061724,0.859529532857571,1,Johannesburg,South Africa
"('Bushbuckridge', 'Bushbuckridge', 'South Africa')",354.63104502468434,0.4171923169164563,2,Johannesburg,South Africa
"('Bloemfontein', 'Bloemfontein', 'South Africa')",355.05923063048886,-2.169773277856956,1,Johannesburg,South Africa
"('Hazyview', 'Hazyview', 'South Africa')",358.232931421996,0.30798047712541404,1,Johannesburg,South Africa
"('Pumwani', 'Nairobi', 'Kenya')",358.79075742427807,0.018690081248837094,1,Nairobi,Kenya
"('Bulambuli', 'Bulambuli', 'Uganda')",363.8043972597371,2.410809987704609,1,Nairobi,Uganda
"('Epe', 'Epe', 'Nigeria')",364.95695975630554,0.22439864353835942,1,Accra,Nigeria
"('Mkhuhlu', 'Mkhuhlu', 'South Africa')",367.36203348635996,0.36083628873116497,1,Johannesburg,South Africa
"('Namaingo', 'Namaingo', 'Uganda')",367.9355136047399,2.726216894876912,2,Nairobi,Uganda
"('nan', 'KwaZulu-Natal', 'South Africa')",368.8431736160182,-0.5961685878960682,2,Johannesburg,South Africa
"('Nqutu', 'KwaZulu-Natal', 'South Africa')",369.2772484234723,-0.6351809556398215,1,Johannesburg,South Africa
"('Bimbilla', 'Bimbilla', 'Ghana')",369.80232048737537,1.4875734238021574,1,Accra,Ghana
"('Ikotun', 'Ikotun', 'Nigeria')",369.97788289391184,0.23207680803161945,1,Accra,Nigeria
"('Bimbilla', 'Bimbila', 'Ghana')",371.14339572247235,1.4915053787148866,3,Accra,Ghana
"('Thulamahashe', 'Thulamahashe', 'South Africa')",372.96129575119465,0.4257897041450096,1,Johannesburg,South Africa
"('Agbara', 'Agbara', 'Nigeria')",382.5250440140278,0.2816150350476231,1,Accra,Nigeria
"('nan', 'Block', 'Kenya')",384.42015146028274,-0.6392756737203481,1,Nairobi,Kenya
"('Malelane', 'Malelane', 'South Africa')",388.83360975223434,0.16894234542090916,1,Johannesburg,South Africa
"('Bombolulu', 'Bombolulu', 'Kenya')",391.71300774751325,-0.649344408385869,1,Nairobi,Kenya
"('Lagos State', 'Lagos State', 'Nigeria')",392.12842000503935,0.2652915346103396,1,Accra,Nigeria
"('Mafeteng', 'Mafeteng', 'Lesotho')",393.4780395262897,-1.7740462861063195,1,Johannesburg,Lesotho
"('Nkandla', 'Nkandla', 'South Africa')",393.6509953436393,-0.5861684643750059,2,Johannesburg,South Africa
"('Greytown', 'Greytown', 'South Africa')",396.39347596196734,-0.7706457017713767,1,Johannesburg,South Africa
"('Matatiele', 'Matatiele', 'South Africa')",398.7452666686195,-1.3694962931601269,4,Johannesburg,South Africa
"('Festac Town', 'Lagos', 'Nigeria')",400.07054114696155,0.26219122159844355,1,Accra,Nigeria
"('Pietermaritzburg', 'Pietermaritzburg', 'South Africa')",401.7629643303337,-0.8952229646837812,2,Johannesburg,South Africa
"('Kilindini', 'Kilingini', 'Kenya')",402.8712033742668,-0.6322081403807326,1,Nairobi,Kenya
"('Lewis Face One', 'Lagos', 'Nigeria')",403.03251865193226,0.21366811924155849,1,Accra,Nigeria
"('Lagos', 'Lagos', 'Nigeria')",403.03251865193226,0.21366811924155849,18,Accra,Nigeria
"('Somolu', 'Lagos', 'Nigeria')",403.4865058387823,0.23722360697680592,1,Accra,Nigeria
"('Mombasa', 'Mombasa', 'Kenya')",404.51900426975857,-0.6288023343472984,3,Nairobi,Kenya
"('Kisauni', 'Mombasa', 'Kenya')",404.5734290887438,-0.6221336990136075,1,Nairobi,Kenya
"('Garissa', 'Garissa', 'Kenya')",405.52070786987457,0.15889764510472928,2,Nairobi,Kenya
"('Ejigbo', 'Lagos', 'Nigeria')",405.855225590654,0.2780808322969112,1,Accra,Nigeria
"('New Castle', 'Madadeni', 'South Africa')",406.71262370269596,0.12290014977730077,1,Johannesburg,South Africa
"('Bwembwera', 'Bwembwera', 'Tanzania')",408.45608464043556,-0.986685745386614,1,Nairobi,Tanzania
"('Surulere', 'Lagos', 'Nigeria')",408.9441162466986,0.25800898269219696,1,Accra,Nigeria
"('Giyani', 'Giyani', 'South Africa')",409.19994036250705,0.7863705139052295,1,Johannesburg,South Africa
"('Ulundi', 'Ulundi', 'South Africa')",409.52351282324787,-0.4709171557009894,1,Johannesburg,South Africa
"('nan', 'Tlakgameng', 'South Africa')",409.84719644314845,-3.007918246074159,1,Johannesburg,South Africa
"('Techaoudjo', 'Sokode', 'Togo')",411.17017819283404,1.1967376334058415,1,Accra,Togo
"('Sokode', 'Sokode', 'Togo')",411.17017819283404,1.1967376334058415,3,Accra,Togo
"('nan', 'Nkandla', 'South Africa')",411.23130821331154,-0.6014459167001489,1,Johannesburg,South Africa
"('Ebute Metta', 'Lagos', 'Nigeria')",412.377251697034,0.2555433891838619,1,Accra,Nigeria
"('Ikeja', 'Lagos', 'Nigeria')",412.4744585964901,0.28868535979263776,1,Accra,Nigeria
"('nan', 'Goria', 'Uganda')",412.5840215079405,2.4800774521753355,1,Nairobi,Uganda
"('Victoria Island', 'Victoria Island', 'Nigeria')",413.26940578386296,0.24287293011752745,1,Accra,Nigeria
"('Selebi-Phikwe', 'Selebi-Phikwe', 'Botswana')",414.36146175495804,1.6113570525506005,1,Johannesburg,Botswana
"('Thohoyandou', 'Thohoyandou', 'South Africa')",415.5617493535323,0.8933095054468011,9,Johannesburg,South Africa
"('Madadeni', 'Emadadeni', 'South Africa')",415.90247342982946,0.08434990165638438,1,Johannesburg,South Africa
"('Workshop', 'Workshop', 'South Africa')",418.82521827055285,-0.9029841688968491,1,Johannesburg,South Africa
"('Siteki', 'Siteki', 'Eswatini')",420.85765206061166,-0.02586458006746065,1,Johannesburg,Eswatini
"('Abidjan', 'Abidjan', ""Côte d'Ivoire"")",421.5062591795676,-3.0847619353159623,4,Accra,Ivory Coast
"('Tanga', 'Tanga', 'Tanzania')",421.9936410158167,-0.9110380288787542,1,Nairobi,Tanzania
"('Cocody', 'Abidjan', ""Côte d'Ivoire"")",424.78060367757445,-3.0553777232680677,1,Accra,Ivory Coast
"('Jinja', 'Jinja', 'Uganda')",425.2436407559043,2.7297698225239873,1,Nairobi,Uganda
"('Nongoma', 'Nongoma', 'South Africa')",426.1155771439404,-0.35632972009347086,1,Johannesburg,South Africa
"('Ikorodu', 'Ikorodu', 'Nigeria')",428.93448345527196,0.2811256998743242,1,Accra,Nigeria
"('Malamulele', 'Malamulele', 'South Africa')",429.4275310270833,0.8392537806889628,2,Johannesburg,South Africa
"('Ogun State', 'Ogun State', 'Nigeria')",431.7400706529409,0.4258340867888096,1,Accra,Nigeria
"('Tatale', 'Tatale', 'Ghana')",431.89482748524296,1.3777936758703164,1,Accra,Ghana
"('Abeokuta', 'Abeokuta', 'Nigeria')",432.6087594014844,0.429197828974588,1,Accra,Nigeria
"('Musina', 'Musina', 'South Africa')",432.979360892313,1.0251762200491081,1,Johannesburg,South Africa
"('Changi', 'Tamale', 'Ghana')",433.6823170140253,1.7279766385669837,1,Accra,Ghana
"('Yendi', 'Yendi', 'Ghana')",434.57316639042193,1.5151293599913636,4,Accra,Ghana
"('Tamale', 'Tamale', 'Ghana')",434.7022239878956,1.7293862176783077,27,Accra,Ghana
"('Bawah Barracks', 'Tamale', 'Ghana')",434.7022239878956,1.7293862176783077,1,Accra,Ghana
"('Mwanza', 'Busukuma', 'Tanzania')",441.9533361233236,-2.875518741696839,1,Nairobi,Tanzania
"('Tolon', 'Tolon', 'Ghana')",442.25013258657333,1.7837350148691324,1,Accra,Ghana
"('nan', 'Cheshegu', 'Ghana')",442.6374075712787,1.7550490065602407,2,Accra,Ghana
"('Savelugu', 'Savelugu', 'Ghana')",458.72824217006377,1.7170174999497003,1,Accra,Ghana
"('Mbalala', 'Mbalala', 'Uganda')",461.7486566705846,2.801164480039457,1,Nairobi,Uganda
"('Durban', 'Durban', 'South Africa')",465.7122299574346,-0.8075893573286347,5,Johannesburg,South Africa
"('Shinyanga', 'Shinyanga', 'Tanzania')",467.8819960912981,-2.620796770813974,1,Nairobi,Tanzania
"('Nomlatu', 'Bizana', 'South Africa')",479.10017890972426,-1.1471703056416913,1,Johannesburg,South Africa
"('Maphisa', 'Maphisa', 'Zimbabwe')",480.0168746827705,1.447324721421064,1,Johannesburg,Zimbabwe
"('Sawla', 'Sawla', 'Ghana')",480.05076593143804,2.1004508463888576,1,Accra,Ghana
"('Hluhluwe', 'Hluhluwe', 'South Africa')",484.26239433965975,-0.33302750070972753,1,Johannesburg,South Africa
"('Durban', 'Bluff', 'South Africa')",484.31410117037905,-0.8120845325343682,1,Johannesburg,South Africa
"('Kampala', 'Kampala', 'Uganda')",485.18716452877624,2.8272973504938177,11,Nairobi,Uganda
"('Gushiegu', 'Gushiegu', 'Ghana')",486.4224002115568,1.5695676279001272,3,Accra,Ghana
"('Makola', 'Ibadan', 'Nigeria')",487.2688464919524,0.39608568109299136,1,Accra,Nigeria
"('Khongoloti', 'Maputo', 'Mozambique')",490.89592877639944,0.07136902194120785,2,Johannesburg,Mozambique
"('Nyembani', 'Maputo', 'Mozambique')",490.89592877639944,0.07136902194120785,1,Johannesburg,Mozambique
"('Maputu', 'Maputu', 'Mozambique')",490.89592877639944,0.07136902194120785,1,Johannesburg,Mozambique
"('Maputo', 'Maputo', 'Mozambique')",490.89592877639944,0.07136902194120785,14,Johannesburg,Mozambique
"('Shamankulu', 'Maputo', 'Mozambique')",490.89592877639944,0.07136902194120785,1,Johannesburg,Mozambique
"('Moyale', 'Moyale', 'Ethiopia')",493.41576361067854,1.0017591078392976,1,Nairobi,Ethiopia
"('nan', 'KwaMashu', 'South Africa')",493.4816512884858,-0.8299881967038412,1,Johannesburg,South Africa
"('nan', 'Matola', 'Mozambique')",494.03034437449963,-0.00685119785457303,1,Johannesburg,Mozambique
"('nan', 'Gombe', 'Uganda')",497.7265837785049,2.8054166872191093,1,Nairobi,Uganda
"('Ojo', 'Ilesa', 'Nigeria')",499.4314949443495,0.5979197482717562,1,Accra,Nigeria
"('Riverside', 'Riverside', 'South Africa')",501.9021191506634,-0.8285127629904332,1,Johannesburg,South Africa
"('Tabankulu', 'Tabankulu', 'South Africa')",511.87443952285844,-1.2665003693020562,1,Johannesburg,South Africa
"('nan', 'Lusikisiki', 'South Africa')",514.8676368936775,-1.238771493698234,1,Johannesburg,South Africa
"('Parakou', 'Parakou', 'Benin')",526.6216986184209,0.9287625952875275,1,Accra,Benin
"('Plumtree', 'Plamtry', 'Zimbabwe')",536.262289044858,1.590889450404897,1,Johannesburg,Zimbabwe
"('Plumtree', 'Plumtree', 'Zimbabwe')",536.262289044858,1.590889450404897,2,Johannesburg,Zimbabwe
"('Bukoba', 'Bukoba', 'Tanzania')",548.7143700973836,-3.133695825358631,1,Nairobi,Tanzania
"('Chokwe', 'Chokwe', 'Mozambique')",551.3634517403924,0.3198208017656589,2,Johannesburg,Mozambique
"('Plumtree', 'Old Lobengula', 'Zimbabwe')",561.0725436683291,1.5964114307147617,1,Johannesburg,Zimbabwe
"('Wa', 'Wa', 'Ghana')",562.1286738132862,2.037191635734372,3,Accra,Ghana
"('Macia', 'Macia', 'Mozambique')",562.1735315019383,0.21934911897384393,1,Johannesburg,Mozambique
"('Queenstown', 'Queenstown', 'South Africa')",566.5426026329923,-1.7998893759703196,1,Johannesburg,South Africa
"('Ife', 'Ife', 'Nigeria')",569.9541034842644,0.3862212694105262,1,Accra,Nigeria
"('Bulawayo', 'Thsh', 'Zimbabwe')",570.003710098564,1.4343560163887097,1,Johannesburg,Zimbabwe
"('Bilene', 'Bilene', 'Mozambique')",573.4328407333085,0.1816813697984445,1,Johannesburg,Mozambique
"('Millionaire', 'Yamoussoukro', ""Côte d'Ivoire"")",575.7986469798013,2.8962064584374767,1,Accra,Ivory Coast
"('nan', 'Hokwe', 'Mozambique')",584.6084551004576,0.20004437674130424,1,Johannesburg,Mozambique
"('Bolgatanga', 'Bolgatanga', 'Ghana')",586.9978464999019,1.689376857420973,14,Accra,Ghana
"('Navrongo', 'Navorongo', 'Ghana')",588.3972269386385,1.7450643160089274,1,Accra,Ghana
"('Sandema', 'Sandema', 'Ghana')",589.1726000189866,1.7723310355849682,1,Accra,Ghana
"('Gaza', 'Gaza', 'Mozambique')",591.4532496060776,0.49738909124107406,1,Johannesburg,Mozambique
"('Bulawayo', 'Bulawayo', 'Zimbabwe')",593.8845682246026,1.4458602979638195,27,Johannesburg,Zimbabwe
"('Makokoba', 'Zimbabwe', 'Zimbabwe')",595.1505599924742,1.4485568765504584,1,Johannesburg,Zimbabwe
"('Mzilikazi', 'Mzilikazi', 'Zimbabwe')",596.5073754717777,1.4501514627460392,1,Johannesburg,Zimbabwe
"('Dutywa', 'Dutywa', 'South Africa')",606.4429417908494,-1.491744081866139,1,Johannesburg,South Africa
"('Ntabazinduna', 'Bulawayo', 'Zimbabwe')",608.1401833957323,1.3993731904256268,1,Johannesburg,Zimbabwe
"('Paga', 'Paga', 'Ghana')",611.2159409981086,1.7309472495382572,1,Accra,Ghana
"('nan', 'Timbou', 'Togo')",613.5597390329104,1.5129770803980644,1,Accra,Togo
"('Ilorin', 'Ilorin', 'Nigeria')",620.6870038650464,0.5585042768793178,3,Accra,Nigeria
"('Tumu', 'Wa', 'Ghana')",624.0550151220789,1.88922877211329,1,Accra,Ghana
"('Tsholotsho', 'Tsholotsho', 'Zimbabwe')",625.7063106040166,1.6738209824540051,1,Johannesburg,Zimbabwe
"('Xai-Xai', 'Xai-Xai', 'Mozambique')",629.9225793294959,0.1311385978513194,2,Johannesburg,Mozambique
"('Xai Xai', 'Xai Xai', 'Mozambique')",629.9225793294959,0.1311385978513194,2,Johannesburg,Mozambique
"('Lawra', 'Lawra', 'Ghana')",639.1124033573469,2.0519699343811664,2,Accra,Ghana
"('Dikeni', 'Dikeni', 'South Africa')",648.1939372933043,-2.0878790888042023,1,Johannesburg,South Africa
"('nan', 'Leo', 'Burkina Faso')",648.4304244505322,1.910416428006875,1,Accra,Burkina Faso
"('Ogunu', 'Warri', 'Nigeria')",650.2922082131713,-0.02577949851362571,1,Accra,Nigeria
"('Benin City', 'Benin City', 'Nigeria')",652.1365174842014,0.13385068620667262,1,Accra,Nigeria
"('Akpakpava', 'Benin City', 'Nigeria')",653.6756041147214,0.13525292796502417,1,Accra,Nigeria
"('Leo', 'Leo', 'Burkina Faso')",662.7522686496006,1.8953346953862498,1,Accra,Burkina Faso
"('nan', 'Machel Village', 'Mozambique')",672.2276511817233,0.206205316258636,1,Johannesburg,Mozambique
"('Fort Beaufort', 'Fort Beaufort', 'South Africa')",694.3835095945701,-1.764643822840558,1,Johannesburg,South Africa
"('Delta', 'Delta', 'Nigeria')",701.967240250525,-0.02515275477397974,1,Accra,Nigeria
"('nan', 'Kibaya', 'Rwanda')",710.0801249626626,-3.0148164026909865,1,Nairobi,Rwanda
"('Kwekwe', 'Kwekwe', 'Zimbabwe')",711.3962345357664,1.2568252881541422,3,Johannesburg,Zimbabwe
"('Agbor', 'Benin City', 'Nigeria')",712.5905424416119,0.11056364609556484,1,Accra,Nigeria
"('Chipinge', 'Chipinge', 'Zimbabwe')",722.7443726292634,0.8408678505248747,1,Johannesburg,Zimbabwe
"('Water Bolt~ Polosa Street', 'Auchi', 'Nigeria')",737.2419155234126,0.23045478562487282,1,Accra,Nigeria
"('nan', 'Zandamela', 'Mozambique')",740.9873252407153,0.14741913833404746,1,Johannesburg,Mozambique
"('Banfora', 'Banfora', 'Burkina Faso')",758.0865618015847,2.2963577979987386,1,Accra,Burkina Faso
"('Kigali', 'Kigali', 'Rwanda')",763.0140806216176,-3.0547274153901247,2,Nairobi,Rwanda
"('Poa', 'Poa', 'Burkina Faso')",770.8861656126724,1.8418879445532355,1,Accra,Burkina Faso
"('Asaba', 'Asaba', 'Nigeria')",772.0210852396818,0.09157471273777588,1,Accra,Nigeria
"('Onitsha', 'Anambra', 'Nigeria')",772.3844969729311,0.06599519275229299,1,Accra,Nigeria
"('Bobo-Dioulasso', 'Bobo-Dioulasso', 'Burkina Faso')",772.9732165972861,2.1963252151516057,2,Accra,Burkina Faso
"('Ouagadougou', 'Ouagadougou', 'Burkina Faso')",774.2868959133821,1.760639189558184,6,Accra,Burkina Faso
"('Ngozi', 'Ngozi', 'Burundi')",788.0062771337772,-2.941792323640507,2,Nairobi,Burundi
"('Zimbabwe', 'Zimbabwe', 'Zimbabwe')",788.4030457217021,1.3116060303970052,1,Johannesburg,Zimbabwe
"('Anambra', 'Imo State', 'Nigeria')",789.6367688305071,0.07468558544924522,1,Accra,Nigeria
"('Anambra', 'Anambra', 'Nigeria')",789.6367688305071,0.07468558544924522,3,Accra,Nigeria
"('nan', 'Anambra', 'Nigeria')",789.6367688305071,0.07468558544924522,1,Accra,Nigeria
"('Nnewi', 'Nnewi', 'Nigeria')",791.2331430833619,0.06595656049597222,1,Accra,Nigeria
"('nan', 'Orlu', 'Nigeria')",797.2626688209449,0.018260372008745453,1,Accra,Nigeria
"('Gitega', 'Gitega', 'Burundi')",801.0814959392111,-2.8772388670291504,1,Nairobi,Burundi
"('Owerri', 'Owerri', 'Nigeria')",802.4724302335728,-0.008163125249947596,1,Accra,Nigeria
"('Juba', 'Juba', 'South Sudan')",803.4420942529454,2.331826952733242,6,Nairobi,South Sudan
"('Orlu', 'Orlu', 'Nigeria')",803.7458740906458,0.03709068429127517,1,Accra,Nigeria
"('Port Harcourt', 'Port Harcourt', 'Nigeria')",805.4343837077425,-0.10765934606338966,1,Accra,Nigeria
"('Port Elizabeth', 'Port Elizabeth', 'South Africa')",807.4092457516402,-1.89469683665539,2,Johannesburg,South Africa
"('Bisoro', 'Bisoro', 'Burundi')",808.6174639320626,-2.8695106745388625,1,Nairobi,Burundi
"('nan', 'Asa', 'Nigeria')",810.8784381799193,0.6554964263659537,1,Accra,Nigeria
"('Juba', 'Upper Nill', 'South Sudan')",811.1048551578388,2.3217670672735458,1,Nairobi,South Sudan
"('Musanze', 'Musanze', 'Rwanda')",815.2779612873414,-3.1167818574604285,1,Nairobi,Rwanda
"('Kigoma', 'Kigoma', 'Tanzania')",823.7363326801564,-2.7505756223060662,1,Nairobi,Tanzania
"('Mwaro', 'Mwaro', 'Burundi')",829.2778303892247,-2.881304731733155,1,Nairobi,Burundi
"('Aba', 'Aba', 'Nigeria')",835.328628949231,-0.07612624209092836,1,Accra,Nigeria
"('Goma', 'Goma', 'Democratic Republic of the Congo')",835.4547143817878,-3.0962817348879135,3,Nairobi,Democratic Republic Of The Congo
"('Ariaria', 'Aba', 'Nigeria')",837.0124027953822,-0.05941833753055885,1,Accra,Nigeria
"('Bujumbura', 'Bujumbura', 'Burundi')",841.7131502148305,-2.8979959032040647,10,Nairobi,Burundi
"('Victoria Falls', 'Victoria Falls', 'Zimbabwe')",855.5020603625404,1.8270321834616503,1,Johannesburg,Zimbabwe
"('Amawom', 'Owerri', 'Nigeria')",855.6193210166882,-0.028442810593596768,1,Accra,Nigeria
"('Abaji', 'Abaji', 'Nigeria')",855.7705877219298,0.3901984022552273,1,Accra,Nigeria
"('Bukirasazi', 'Bukirasazi', 'Burundi')",858.8877625170492,-2.905460321500911,1,Nairobi,Burundi
"('nan', 'Bujumbura', 'Burundi')",859.7906772641413,-2.9017334187854877,1,Nairobi,Burundi
"('New Haven', 'Enugu', 'Nigeria')",860.0899415794853,0.11918443634155976,1,Accra,Nigeria
"('Livingstone', 'Livingstone', 'Zambia')",861.7086511960671,1.822938814795833,1,Johannesburg,Zambia
"('Agbani', 'Agbani', 'Nigeria')",863.8223935452551,0.0974232968844926,1,Accra,Nigeria
"('Glen View', 'Harare', 'Zimbabwe')",873.3125363630355,1.172952179426146,1,Johannesburg,Zimbabwe
"('Ziohn Town', 'Ziohn Town', 'Liberia')",875.857527978639,3.071484758259362,1,Accra,Liberia
"('Harare', 'Harare', 'Zimbabwe')",884.0027498836419,1.1634373897129693,8,Johannesburg,Zimbabwe
"('Masisi', 'Masisi', 'Democratic Republic of the Congo')",891.1352734186986,-3.1300195024859185,1,Nairobi,Democratic Republic Of The Congo
"('nan', 'Masisi', 'Democratic Republic of the Congo')",891.1352734186986,-3.1300195024859185,1,Nairobi,Democratic Republic Of The Congo
"('Nouna', 'Nouna', 'Burkina Faso')",894.9547053746669,2.03503856340708,1,Accra,Burkina Faso
"('Uvira', 'Uvira', 'Democratic Republic of the Congo')",895.5754022189934,-2.9291268188875375,17,Nairobi,Congo-Brazzaville
"('Bukavu', 'Bukavu', 'Democratic Republic of the Congo')",903.9670414077232,-3.006390465001477,11,Nairobi,Democratic Republic Of The Congo
"('Ebonyi', 'Ebonyi', 'Nigeria')",908.8401564381802,0.06249826297174967,2,Accra,Nigeria
"('Kebbi State', 'Kebbi State', 'Nigeria')",915.354986200499,0.9641503158800654,1,Accra,Nigeria
"('Ohaukwu', 'Ohaukwu', 'Nigeria')",916.8648909131276,0.11792569723579634,1,Accra,Nigeria
"('nan', 'Irundu', 'Democratic Republic of the Congo')",918.2375243606261,-2.870367937700352,1,Nairobi,Democratic Republic Of The Congo
"('Abakaliki', 'Abakaliki', 'Nigeria')",918.4297364541835,0.07646636102358077,1,Accra,Nigeria
"('Mile 15', 'Abakaliki', 'Nigeria')",918.4297364541835,0.07646636102358077,1,Accra,Nigeria
"('Minembwe', 'Kinshasa', 'Democratic Republic of the Congo')",920.789094227762,-2.868024703234428,1,Nairobi,Democratic Republic Of The Congo
"('Yantala', 'Niamey', 'Niger')",925.0136802914365,1.2911223784840877,1,Accra,Niger
"('Niamey', 'Niamey', 'Niger')",925.4264337394519,1.289201751064207,19,Accra,Niger
"('Niame', 'Niamey', 'Niger')",925.4264337394519,1.289201751064207,1,Accra,Niger
"('Abuja', 'Kaduna', 'Nigeria')",926.0304314087786,0.4156725456693109,1,Accra,Nigeria
"('Mekanisa', 'Oromia', 'Ethiopia')",929.224916731248,1.2780886939913814,1,Nairobi,Ethiopia
"('Chief Palace', 'Ilorin', 'Nigeria')",929.2959706937306,0.44433388878690383,1,Accra,Nigeria
"('Fizi', 'Fizi', 'Democratic Republic of the Congo')",934.3511763632929,-2.8215756449864546,1,Nairobi,Democratic Republic Of The Congo
"('Akobo', 'Akobo', 'South Sudan')",936.8119407880216,1.9836366980259608,1,Nairobi,South Sudan
"('Abuja', 'Abuja', 'Nigeria')",937.8330442058837,0.42792839227422824,1,Accra,Nigeria
"('Madegu', 'Madegu', 'Democratic Republic of the Congo')",941.5649839689804,-2.8599978556168217,1,Nairobi,Democratic Republic Of The Congo
"('Minembwe', 'Minembwe', 'Democratic Republic of the Congo')",941.5691652102628,-2.8601212555971314,13,Nairobi,Democratic Republic Of The Congo
"('nan', 'Minembwe', 'Democratic Republic of the Congo')",941.5691652102628,-2.8601212555971314,2,Nairobi,Democratic Republic Of The Congo
"('Calabar', 'Calabar', 'Nigeria')",943.7701541229053,-0.0829010382998732,1,Accra,Nigeria
"('New Karu', 'New Karu', 'Nigeria')",950.3255188510332,0.4167554809627357,1,Accra,Nigeria
"('Dosso', 'Dosso', 'Niger')",964.7417187281194,1.1132955412824632,1,Accra,Niger
"('Beila', 'Beila', 'Mozambique')",965.3102885523823,0.6660032215521065,1,Johannesburg,Mozambique
"('Beira', 'Beira', 'Mozambique')",965.3102885523823,0.6660032215521065,2,Johannesburg,Mozambique
"('South Kivu', 'South Kivu', 'Democratic Republic of the Congo')",1000.432071740694,-2.9557871390049257,1,Nairobi,Democratic Republic Of The Congo
"('Benue State', 'Benue State', 'Nigeria')",1000.7784750935577,0.2443041886127531,1,Accra,Nigeria
"('nan', 'Mozambique', 'Mozambique')",1003.8241033830008,0.6965756964706568,1,Johannesburg,Mozambique
"('Mozambique', 'Mozambique', 'Mozambique')",1003.8241033830008,0.6965756964706568,1,Johannesburg,Mozambique
"('Kranskop', 'Kranskop', 'South Africa')",1049.1768361023994,-2.2793009490886877,2,Johannesburg,South Africa
"('Lusaka', 'Lusaka', 'Zambia')",1057.2525744477189,1.5024363047692288,4,Johannesburg,Zambia
"('Gusau', 'Gusau', 'Nigeria')",1058.0863129089641,0.765839533193695,1,Accra,Nigeria
"('Mopti', 'Mopti', 'Mali')",1068.617917787095,1.9361596292449,1,Accra,Mali
"('Villa', 'Villa', 'Democratic Republic of the Congo')",1082.4146819067169,-2.7557627233308155,1,Nairobi,Democratic Republic Of The Congo
"('nan', 'Dinka', 'South Sudan')",1142.0578807849745,2.032820624790642,1,Nairobi,South Sudan
"('Makal', 'Makal', 'South Sudan')",1159.4030139632148,2.0234831670942857,1,Nairobi,South Sudan
"('Bamako', 'Bamako', 'Mali')",1162.373903789189,2.40459702696197,3,Accra,Mali
"('Brats', 'Brats', 'South Africa')",1173.092159256797,-2.335873889406548,1,Johannesburg,South Africa
"('nan', 'Tsanyawa', 'Nigeria')",1176.5558908759092,0.6870775056734306,1,Accra,Nigeria
"('Maradi', 'Maradi', 'Niger')",1182.9322722251634,0.8208643255965683,1,Accra,Niger
"('Gao', 'Gao', 'Mali')",1196.0500078637092,1.5554128080202976,1,Accra,Mali
"('Kano', 'Kano', 'Nigeria')",1197.3355624445267,0.6258246187665387,3,Accra,Nigeria
"('Miri', 'Bauchi', 'Nigeria')",1214.9262025375165,0.43503909934401735,1,Accra,Nigeria
"('Bentiu', 'Bentiu', 'South Sudan')",1246.0185735146154,2.1847831826798156,1,Nairobi,South Sudan
"('Blantyre', 'Blantyre', 'Malawi')",1251.1767101485336,0.8620538832986955,5,Johannesburg,Malawi
"('Blk', 'Block', 'Malawi')",1269.4505699038177,0.904023658248596,1,Johannesburg,Malawi
"('Mulanje', 'Mulanje', 'Malawi')",1277.4661263193263,0.8184698496384031,1,Johannesburg,Malawi
"('Timbuktu', 'Timbuktu', 'Mali')",1287.9067421366574,1.8153926201745407,1,Accra,Mali
"('Warrap', 'Warrap', 'South Sudan')",1294.4751660605714,2.306942453316699,1,Nairobi,South Sudan
"('Yaounde', 'Yaounde', 'Cameroon')",1310.4228801611941,-0.1401861818270652,1,Accra,Cameroon
"('nan', 'Khayelitsha', 'South Africa')",1312.9220604944694,-2.454932869632867,1,Johannesburg,South Africa
"('Kuajok', 'Kuajok', 'South Sudan')",1324.939689455301,2.3475082036335415,1,Nairobi,South Sudan
"('Tahoua', 'Tahoua', 'Niger')",1329.5028074673053,1.0882784220147723,1,Accra,Niger
"('nan', 'Qaqriyal', 'South Sudan')",1329.8392954841138,2.3278376843993716,1,Nairobi,South Sudan
"('Thembisa', 'Thembisa', 'South Africa')",1330.3895268257347,-2.4454469651166018,1,Johannesburg,South Africa
"('Chingola', 'Chingola', 'Zambia')",1341.144461103558,1.530696413703892,1,Johannesburg,Zambia
"('Zinder', 'Zinder', 'Niger')",1369.5952776398515,0.7299717101949211,1,Accra,Niger
"('Erar Community', 'Eastern Tigray', 'Ethiopia')",1383.9641276566447,1.2734719831527574,1,Nairobi,Ethiopia
"('Aweil', 'Aweil', 'South Sudan')",1404.0016530973367,2.3522126986997565,1,Nairobi,South Sudan
"('Baraka', 'Baraka', 'Democratic Republic of the Congo')",1429.5872386246626,-2.3407967851373592,1,Nairobi,Democratic Republic Of The Congo
"('Lubumbashi', 'Lubumbashi', 'Democratic Republic of the Congo')",1431.6153647238723,1.5554475642688845,2,Johannesburg,Democratic Republic Of The Congo
"('Embangweni', 'Embangweni', 'Malawi')",1450.9330278427358,1.0810571464759158,1,Johannesburg,Malawi
"('Freetown', 'Freetown', 'Sierra Leone')",1480.1379739786366,2.922496381421511,1,Accra,Sierra Leone
"('Katanga', 'Katanga', 'Democratic Republic of the Congo')",1489.2351417711309,-2.578657171541067,1,Nairobi,Democratic Republic Of The Congo
"('nan', 'Yesaya', 'Malawi')",1491.0336142935266,1.0853140565606916,1,Johannesburg,Malawi
"('nan', 'Wau', 'Sudan')",1503.8795153448539,1.6347313403926589,1,Nairobi,Sudan
"('Mzimba', 'Mzimba', 'Malawi')",1508.8344532819988,1.0987593038885366,2,Johannesburg,Malawi
"('Mzuzu', 'Mzuzu', 'Malawi')",1532.0254962713195,1.0581722548351171,3,Johannesburg,Malawi
"('Agadez', 'Agadez', 'Niger')",1559.4484621549134,0.944713544700742,3,Accra,Niger
"('Khartoum', 'Khartoum', 'Sudan')",1610.8806707453411,1.778863357711949,1,Nairobi,Sudan
"('Al Riyadh', 'Al Riyadh', 'Sudan')",1610.9518871642126,1.7763967400567469,1,Nairobi,Sudan
"('Al Diyum East', 'Khartoum', 'Sudan')",1611.1788838669513,1.7784682057214236,1,Nairobi,Sudan
"('Diffa', 'Diffa', 'Niger')",1645.3970761877606,0.5325807789941911,2,Accra,Niger
"('Karonga', 'Karonga', 'Malawi')",1665.077970588969,1.1037936149027734,1,Johannesburg,Malawi
"('nan', 'Kakenge', 'Democratic Republic of the Congo')",1678.8564999209996,-2.923801724071799,1,Nairobi,Democratic Republic Of The Congo
"('Angola', 'Angola', 'Angola')",1887.9942504459468,2.186439883285744,1,Johannesburg,Angola
"('Lubango', 'Benguela', 'Angola')",1991.0667891948176,2.4747089914913514,1,Johannesburg,Angola
"('Mbuji-Mayi', 'Mbuji-Mayi', 'Democratic Republic of the Congo')",2067.8246740523987,1.7320120690741256,1,Johannesburg,Democratic Republic Of The Congo
"('nan', 'Morogoro', 'Tanzania')",2097.5926366201206,0.926714028139155,1,Johannesburg,Tanzania
"('Morogoro', 'Morogoro', 'Tanzania')",2097.5926366201206,0.926714028139155,2,Johannesburg,Tanzania
"('nan', 'Congo', 'Republic of the Congo')",2357.8787187337275,3.116484416970034,1,Nairobi,Congo-Brazzaville
"('Kinshasa', 'Kinshasa', 'Democratic Republic of the Congo')",2394.4302434950805,-3.001434534547849,13,Nairobi,Democratic Republic Of The Congo
"('Luanda', 'Luanda', 'Angola')",2435.220939804224,2.247809473146649,1,Johannesburg,Angola
"('Bandal', 'Bandal', 'Democratic Republic of the Congo')",2451.1339820791422,1.9781873532892422,1,Johannesburg,Democratic Republic Of The Congo
"('Soweto', 'Zulu', 'South Africa')",2536.364662897265,-1.8429592391855367,1,Nairobi,South Africa
"('Ubundu', 'Ubundu', 'Democratic Republic of the Congo')",2580.5476812772217,1.5786236238308287,1,Johannesburg,Democratic Republic Of The Congo
"('Limete', 'Kinshasa', 'Democratic Republic of the Congo')",2653.6108515578085,2.0499038369194635,3,Johannesburg,Democratic Republic Of The Congo
"('Matadi', 'Matadi', 'Democratic Republic of the Congo')",2657.5855293142395,2.149670589654654,1,Johannesburg,Democratic Republic Of The Congo
"('Makiso', 'Kisangani', 'Democratic Republic of the Congo')",2672.3475177542255,1.5811958290777781,1,Johannesburg,Democratic Republic Of The Congo
"('Lira City', 'Lira City', 'Uganda')",2773.8169409193224,1.2548474331990036,1,Johannesburg,Uganda
"('Awasa', 'Awasa', 'Ethiopia')",3263.9894901615517,1.0577380819422935,1,Johannesburg,Ethiopia
"('Enugu', 'Enugu', 'Nigeria')",3362.2355042901117,2.870010347136417,13,Nairobi,Nigeria
"('nan', 'Oromiya', 'Ethiopia')",3370.696859421311,1.0105148656194967,1,Johannesburg,Ethiopia
"('Addis Ababa', 'Addis Ababa', 'Ethiopia')",3465.117883398661,1.0629180734073813,8,Johannesburg,Ethiopia
"('Lahore', 'Lahore', 'Ethiopia')",3642.2565928277613,1.1114140807056891,1,Johannesburg,Ethiopia
"('Limbe', 'Kumba', 'Cameroon')",3783.8824475654706,2.049458544371805,1,Johannesburg,Cameroon
"('Bangou', 'Bangou', 'Cameroon')",3820.2909030689584,1.9984938332041535,1,Johannesburg,Cameroon
"('Orsumoghu', 'Orsumoghu', 'Nigeria')",4080.2822476404826,2.0738370633290764,1,Johannesburg,Nigeria
"('Plateau', 'Plateau', ""Côte d'Ivoire"")",5103.449612991117,2.266602353565936,1,Johannesburg,Ivory Coast
"('Lake Region', 'Yamoussoukro', ""Côte d'Ivoire"")",5112.131653195279,2.2859240975983166,1,Johannesburg,Ivory Coast
"('Gbarnga', 'Gbarnga', 'Liberia')",5189.024820927307,2.9448498806778884,1,Nairobi,Liberia
"('Shikhupora', 'Sheikhupura', 'Pakistan')",6058.371482370383,0.29139741542623276,1,Johannesburg,Pakistan
"('Sarghoda', 'Sargodha', 'Pakistan')",6058.659897715011,0.28696787590294454,1,Johannesburg,Pakistan
"('Lohagora', 'Lohagora', 'Bangladesh')",6876.79442152248,0.005257783384428788,1,Johannesburg,Bangladesh
"('Paris', 'Paris', 'France')",8441.67187403572,1.6561581831029684,1,Johannesburg,South Africa
"('Feni', 'Dakunbrua Banglacesh', 'Bangladesh')",,,1,Johannesburg,Bangladesh
