01,02,421 Local Police,421_short,421_legend,421_innRGB,421_outRGB,422 Local Councillor,422_short,422_legend,422_innRGB,422_outRGB,423 Mayor,423_short,423_legend,423_innRGB,423_outRGB,424 Chief or Traditional Leaders,424_short,424_legend,424_innRGB,424_outRGB,425 Local,425_short,425_legend,425_innRGB,425_outRGB,426 Local Country People,426_short,426_legend,426_innRGB,426_outRGB,427 Neighbours,427_short,427_legend,427_innRGB,427_outRGB,428 Local Service Providers,428_short,428_legend,428_innRGB,428_outRGB,429 Religious Leaders,429_short,429_legend,429_innRGB,429_outRGB,430 Other religious leaders,430_short,430_legend,430_innRGB,430_outRGB,431 Business people,431_short,431_legend,431_innRGB,431_outRGB,432 Judges,432_short,432_legend,432_innRGB,432_outRGB,433 Neighbours,433_short,433_legend,433_innRGB,433_outRGB,436 Home community,436_short,436_legend,436_innRGB,436_outRGB,438 Opinions,438_short,438_legend,438_innRGB,438_outRGB,439 Closeness,439_short,439_legend,439_innRGB,439_outRGB,440 Care,440_short,440_legend,440_innRGB,440_outRGB,441 Future,441_short,441_legend,441_innRGB,441_outRGB,442 Support,442_short,442_legend,442_innRGB,442_outRGB,443 Outsider,443_short,443_legend,443_innRGB,443_outRGB
Yes,Madina,73,Madina,"Yes, in Madina (73 responses)",[0.4        0.76078431 0.64705882],[0.4        0.76078431 0.64705882],68,Madina,"Yes, in Madina (68 responses)",[0.4        0.76078431 0.64705882],[0.4        0.76078431 0.64705882],51,Madina,"Yes, in Madina (51 responses)",[0.4        0.76078431 0.64705882],[0.4        0.76078431 0.64705882],61,Madina,"Yes, in Madina (61 responses)",[0.4        0.76078431 0.64705882],[0.4        0.76078431 0.64705882],92,Madina,"Yes, in Madina (92 responses)",[0.4        0.76078431 0.64705882],[0.4        0.76078431 0.64705882],107,Madina,"Yes, in Madina (107 responses)",[0.4        0.76078431 0.64705882],[0.4        0.76078431 0.64705882],101,Madina,"Yes, in Madina (101 responses)",[0.4        0.76078431 0.64705882],[0.4        0.76078431 0.64705882],109,Madina,"Yes, in Madina (109 responses)",[0.4        0.76078431 0.64705882],[0.4        0.76078431 0.64705882],178,Madina,"Yes, in Madina (178 responses)",[0.4        0.76078431 0.64705882],[0.4        0.76078431 0.64705882],80,Madina,"Yes, in Madina (80 responses)",[0.4        0.76078431 0.64705882],[0.4        0.76078431 0.64705882],89,Madina,"Yes, in Madina (89 responses)",[0.4        0.76078431 0.64705882],[0.4        0.76078431 0.64705882],56,Madina,"Yes, in Madina (56 responses)",[0.4        0.76078431 0.64705882],[0.4        0.76078431 0.64705882],151,Madina,"Yes, in Madina (151 responses)",[0.4        0.76078431 0.64705882],[0.4        0.76078431 0.64705882],18,,"Yes, in Madina (18 responses)",[0.4        0.76078431 0.64705882],[0.4        0.76078431 0.64705882],187,Madina,"Yes, in Madina (187 responses)",[0.4        0.76078431 0.64705882],[0.4        0.76078431 0.64705882],176,Madina,"Yes, in Madina (176 responses)",[0.4        0.76078431 0.64705882],[0.4        0.76078431 0.64705882],170,Madina,"Yes, in Madina (170 responses)",[0.4        0.76078431 0.64705882],[0.4        0.76078431 0.64705882],161,Madina,"Yes, in Madina (161 responses)",[0.4        0.76078431 0.64705882],[0.4        0.76078431 0.64705882],185,Madina,"Yes, in Madina (185 responses)",[0.4        0.76078431 0.64705882],[0.4        0.76078431 0.64705882],47,Madina,"Yes, in Madina (47 responses)",[0.4        0.76078431 0.64705882],[0.4        0.76078431 0.64705882]
Yes,Old Fadama,46,Old Fadama,"Yes, in Old Fadama (46 responses)",[0.43788328 0.79068627 0.67947664],[0.4        0.76078431 0.64705882],40,Old Fadama,"Yes, in Old Fadama (40 responses)",[0.43788328 0.79068627 0.67947664],[0.4        0.76078431 0.64705882],20,,"Yes, in Old Fadama (20 responses)",[0.43788328 0.79068627 0.67947664],[0.4        0.76078431 0.64705882],82,Old Fadama,"Yes, in Old Fadama (82 responses)",[0.43788328 0.79068627 0.67947664],[0.4        0.76078431 0.64705882],65,Old Fadama,"Yes, in Old Fadama (65 responses)",[0.43788328 0.79068627 0.67947664],[0.4        0.76078431 0.64705882],65,Old Fadama,"Yes, in Old Fadama (65 responses)",[0.43788328 0.79068627 0.67947664],[0.4        0.76078431 0.64705882],53,Old Fadama,"Yes, in Old Fadama (53 responses)",[0.43788328 0.79068627 0.67947664],[0.4        0.76078431 0.64705882],76,Old Fadama,"Yes, in Old Fadama (76 responses)",[0.43788328 0.79068627 0.67947664],[0.4        0.76078431 0.64705882],165,Old Fadama,"Yes, in Old Fadama (165 responses)",[0.43788328 0.79068627 0.67947664],[0.4        0.76078431 0.64705882],42,Old Fadama,"Yes, in Old Fadama (42 responses)",[0.43788328 0.79068627 0.67947664],[0.4        0.76078431 0.64705882],61,Old Fadama,"Yes, in Old Fadama (61 responses)",[0.43788328 0.79068627 0.67947664],[0.4        0.76078431 0.64705882],22,,"Yes, in Old Fadama (22 responses)",[0.43788328 0.79068627 0.67947664],[0.4        0.76078431 0.64705882],105,Old Fadama,"Yes, in Old Fadama (105 responses)",[0.43788328 0.79068627 0.67947664],[0.4        0.76078431 0.64705882],7,,"Yes, in Old Fadama (7 responses)",[0.43788328 0.79068627 0.67947664],[0.4        0.76078431 0.64705882],132,Old Fadama,"Yes, in Old Fadama (132 responses)",[0.43788328 0.79068627 0.67947664],[0.4        0.76078431 0.64705882],132,Old Fadama,"Yes, in Old Fadama (132 responses)",[0.43788328 0.79068627 0.67947664],[0.4        0.76078431 0.64705882],108,Old Fadama,"Yes, in Old Fadama (108 responses)",[0.43788328 0.79068627 0.67947664],[0.4        0.76078431 0.64705882],130,Old Fadama,"Yes, in Old Fadama (130 responses)",[0.43788328 0.79068627 0.67947664],[0.4        0.76078431 0.64705882],129,Old Fadama,"Yes, in Old Fadama (129 responses)",[0.43788328 0.79068627 0.67947664],[0.4        0.76078431 0.64705882],63,Old Fadama,"Yes, in Old Fadama (63 responses)",[0.43788328 0.79068627 0.67947664],[0.4        0.76078431 0.64705882]
Yes,James Town,62,James Town,"Yes, in James Town (62 responses)",[0.47744277 0.82058824 0.71242282],[0.4        0.76078431 0.64705882],50,James Town,"Yes, in James Town (50 responses)",[0.47744277 0.82058824 0.71242282],[0.4        0.76078431 0.64705882],50,James Town,"Yes, in James Town (50 responses)",[0.47744277 0.82058824 0.71242282],[0.4        0.76078431 0.64705882],64,James Town,"Yes, in James Town (64 responses)",[0.47744277 0.82058824 0.71242282],[0.4        0.76078431 0.64705882],64,James Town,"Yes, in James Town (64 responses)",[0.47744277 0.82058824 0.71242282],[0.4        0.76078431 0.64705882],83,James Town,"Yes, in James Town (83 responses)",[0.47744277 0.82058824 0.71242282],[0.4        0.76078431 0.64705882],70,James Town,"Yes, in James Town (70 responses)",[0.47744277 0.82058824 0.71242282],[0.4        0.76078431 0.64705882],123,James Town,"Yes, in James Town (123 responses)",[0.47744277 0.82058824 0.71242282],[0.4        0.76078431 0.64705882],139,James Town,"Yes, in James Town (139 responses)",[0.47744277 0.82058824 0.71242282],[0.4        0.76078431 0.64705882],68,James Town,"Yes, in James Town (68 responses)",[0.47744277 0.82058824 0.71242282],[0.4        0.76078431 0.64705882],50,James Town,"Yes, in James Town (50 responses)",[0.47744277 0.82058824 0.71242282],[0.4        0.76078431 0.64705882],36,James Town,"Yes, in James Town (36 responses)",[0.47744277 0.82058824 0.71242282],[0.4        0.76078431 0.64705882],83,James Town,"Yes, in James Town (83 responses)",[0.47744277 0.82058824 0.71242282],[0.4        0.76078431 0.64705882],3,,"Yes, in James Town (3 responses)",[0.47744277 0.82058824 0.71242282],[0.4        0.76078431 0.64705882],117,James Town,"Yes, in James Town (117 responses)",[0.47744277 0.82058824 0.71242282],[0.4        0.76078431 0.64705882],113,James Town,"Yes, in James Town (113 responses)",[0.47744277 0.82058824 0.71242282],[0.4        0.76078431 0.64705882],84,James Town,"Yes, in James Town (84 responses)",[0.47744277 0.82058824 0.71242282],[0.4        0.76078431 0.64705882],107,James Town,"Yes, in James Town (107 responses)",[0.47744277 0.82058824 0.71242282],[0.4        0.76078431 0.64705882],113,James Town,"Yes, in James Town (113 responses)",[0.47744277 0.82058824 0.71242282],[0.4        0.76078431 0.64705882],65,James Town,"Yes, in James Town (65 responses)",[0.47744277 0.82058824 0.71242282],[0.4        0.76078431 0.64705882]
Yes,Kawangware,80,Kawangware,"Yes, in Kawangware (80 responses)",[0.51867846 0.8504902  0.74589737],[0.4        0.76078431 0.64705882],72,Kawangware,"Yes, in Kawangware (72 responses)",[0.51867846 0.8504902  0.74589737],[0.4        0.76078431 0.64705882],65,Kawangware,"Yes, in Kawangware (65 responses)",[0.51867846 0.8504902  0.74589737],[0.4        0.76078431 0.64705882],124,Kawangware,"Yes, in Kawangware (124 responses)",[0.51867846 0.8504902  0.74589737],[0.4        0.76078431 0.64705882],111,Kawangware,"Yes, in Kawangware (111 responses)",[0.51867846 0.8504902  0.74589737],[0.4        0.76078431 0.64705882],128,Kawangware,"Yes, in Kawangware (128 responses)",[0.51867846 0.8504902  0.74589737],[0.4        0.76078431 0.64705882],130,Kawangware,"Yes, in Kawangware (130 responses)",[0.51867846 0.8504902  0.74589737],[0.4        0.76078431 0.64705882],159,Kawangware,"Yes, in Kawangware (159 responses)",[0.51867846 0.8504902  0.74589737],[0.4        0.76078431 0.64705882],160,Kawangware,"Yes, in Kawangware (160 responses)",[0.51867846 0.8504902  0.74589737],[0.4        0.76078431 0.64705882],119,Kawangware,"Yes, in Kawangware (119 responses)",[0.51867846 0.8504902  0.74589737],[0.4        0.76078431 0.64705882],146,Kawangware,"Yes, in Kawangware (146 responses)",[0.51867846 0.8504902  0.74589737],[0.4        0.76078431 0.64705882],97,Kawangware,"Yes, in Kawangware (97 responses)",[0.51867846 0.8504902  0.74589737],[0.4        0.76078431 0.64705882],150,Kawangware,"Yes, in Kawangware (150 responses)",[0.51867846 0.8504902  0.74589737],[0.4        0.76078431 0.64705882],17,,"Yes, in Kawangware (17 responses)",[0.51867846 0.8504902  0.74589737],[0.4        0.76078431 0.64705882],169,Kawangware,"Yes, in Kawangware (169 responses)",[0.51867846 0.8504902  0.74589737],[0.4        0.76078431 0.64705882],159,Kawangware,"Yes, in Kawangware (159 responses)",[0.51867846 0.8504902  0.74589737],[0.4        0.76078431 0.64705882],156,Kawangware,"Yes, in Kawangware (156 responses)",[0.51867846 0.8504902  0.74589737],[0.4        0.76078431 0.64705882],128,Kawangware,"Yes, in Kawangware (128 responses)",[0.51867846 0.8504902  0.74589737],[0.4        0.76078431 0.64705882],169,Kawangware,"Yes, in Kawangware (169 responses)",[0.51867846 0.8504902  0.74589737],[0.4        0.76078431 0.64705882],32,,"Yes, in Kawangware (32 responses)",[0.51867846 0.8504902  0.74589737],[0.4        0.76078431 0.64705882]
Yes,Kayole,83,Kayole,"Yes, in Kayole (83 responses)",[0.56159036 0.88039216 0.77990029],[0.4        0.76078431 0.64705882],79,Kayole,"Yes, in Kayole (79 responses)",[0.56159036 0.88039216 0.77990029],[0.4        0.76078431 0.64705882],78,Kayole,"Yes, in Kayole (78 responses)",[0.56159036 0.88039216 0.77990029],[0.4        0.76078431 0.64705882],92,Kayole,"Yes, in Kayole (92 responses)",[0.56159036 0.88039216 0.77990029],[0.4        0.76078431 0.64705882],104,Kayole,"Yes, in Kayole (104 responses)",[0.56159036 0.88039216 0.77990029],[0.4        0.76078431 0.64705882],112,Kayole,"Yes, in Kayole (112 responses)",[0.56159036 0.88039216 0.77990029],[0.4        0.76078431 0.64705882],118,Kayole,"Yes, in Kayole (118 responses)",[0.56159036 0.88039216 0.77990029],[0.4        0.76078431 0.64705882],134,Kayole,"Yes, in Kayole (134 responses)",[0.56159036 0.88039216 0.77990029],[0.4        0.76078431 0.64705882],149,Kayole,"Yes, in Kayole (149 responses)",[0.56159036 0.88039216 0.77990029],[0.4        0.76078431 0.64705882],116,Kayole,"Yes, in Kayole (116 responses)",[0.56159036 0.88039216 0.77990029],[0.4        0.76078431 0.64705882],124,Kayole,"Yes, in Kayole (124 responses)",[0.56159036 0.88039216 0.77990029],[0.4        0.76078431 0.64705882],78,Kayole,"Yes, in Kayole (78 responses)",[0.56159036 0.88039216 0.77990029],[0.4        0.76078431 0.64705882],140,Kayole,"Yes, in Kayole (140 responses)",[0.56159036 0.88039216 0.77990029],[0.4        0.76078431 0.64705882],11,,"Yes, in Kayole (11 responses)",[0.56159036 0.88039216 0.77990029],[0.4        0.76078431 0.64705882],150,Kayole,"Yes, in Kayole (150 responses)",[0.56159036 0.88039216 0.77990029],[0.4        0.76078431 0.64705882],151,Kayole,"Yes, in Kayole (151 responses)",[0.56159036 0.88039216 0.77990029],[0.4        0.76078431 0.64705882],139,Kayole,"Yes, in Kayole (139 responses)",[0.56159036 0.88039216 0.77990029],[0.4        0.76078431 0.64705882],124,Kayole,"Yes, in Kayole (124 responses)",[0.56159036 0.88039216 0.77990029],[0.4        0.76078431 0.64705882],142,Kayole,"Yes, in Kayole (142 responses)",[0.56159036 0.88039216 0.77990029],[0.4        0.76078431 0.64705882],32,,"Yes, in Kayole (32 responses)",[0.56159036 0.88039216 0.77990029],[0.4        0.76078431 0.64705882]
Yes,Ongata Rongai,95,Ongata Rongai,"Yes, in Ongata Rongai (95 responses)",[0.60617846 0.91029412 0.81443157],[0.4        0.76078431 0.64705882],87,Ongata Rongai,"Yes, in Ongata Rongai (87 responses)",[0.60617846 0.91029412 0.81443157],[0.4        0.76078431 0.64705882],86,Ongata Rongai,"Yes, in Ongata Rongai (86 responses)",[0.60617846 0.91029412 0.81443157],[0.4        0.76078431 0.64705882],114,Ongata Rongai,"Yes, in Ongata Rongai (114 responses)",[0.60617846 0.91029412 0.81443157],[0.4        0.76078431 0.64705882],117,Ongata Rongai,"Yes, in Ongata Rongai (117 responses)",[0.60617846 0.91029412 0.81443157],[0.4        0.76078431 0.64705882],123,Ongata Rongai,"Yes, in Ongata Rongai (123 responses)",[0.60617846 0.91029412 0.81443157],[0.4        0.76078431 0.64705882],120,Ongata Rongai,"Yes, in Ongata Rongai (120 responses)",[0.60617846 0.91029412 0.81443157],[0.4        0.76078431 0.64705882],138,Ongata Rongai,"Yes, in Ongata Rongai (138 responses)",[0.60617846 0.91029412 0.81443157],[0.4        0.76078431 0.64705882],158,Ongata Rongai,"Yes, in Ongata Rongai (158 responses)",[0.60617846 0.91029412 0.81443157],[0.4        0.76078431 0.64705882],127,Ongata Rongai,"Yes, in Ongata Rongai (127 responses)",[0.60617846 0.91029412 0.81443157],[0.4        0.76078431 0.64705882],142,Ongata Rongai,"Yes, in Ongata Rongai (142 responses)",[0.60617846 0.91029412 0.81443157],[0.4        0.76078431 0.64705882],92,Ongata Rongai,"Yes, in Ongata Rongai (92 responses)",[0.60617846 0.91029412 0.81443157],[0.4        0.76078431 0.64705882],140,Ongata Rongai,"Yes, in Ongata Rongai (140 responses)",[0.60617846 0.91029412 0.81443157],[0.4        0.76078431 0.64705882],6,,"Yes, in Ongata Rongai (6 responses)",[0.60617846 0.91029412 0.81443157],[0.4        0.76078431 0.64705882],153,Ongata Rongai,"Yes, in Ongata Rongai (153 responses)",[0.60617846 0.91029412 0.81443157],[0.4        0.76078431 0.64705882],154,Ongata Rongai,"Yes, in Ongata Rongai (154 responses)",[0.60617846 0.91029412 0.81443157],[0.4        0.76078431 0.64705882],138,Ongata Rongai,"Yes, in Ongata Rongai (138 responses)",[0.60617846 0.91029412 0.81443157],[0.4        0.76078431 0.64705882],128,Ongata Rongai,"Yes, in Ongata Rongai (128 responses)",[0.60617846 0.91029412 0.81443157],[0.4        0.76078431 0.64705882],147,Ongata Rongai,"Yes, in Ongata Rongai (147 responses)",[0.60617846 0.91029412 0.81443157],[0.4        0.76078431 0.64705882],25,,"Yes, in Ongata Rongai (25 responses)",[0.60617846 0.91029412 0.81443157],[0.4        0.76078431 0.64705882]
Yes,Berea,79,Berea,"Yes, in Berea (79 responses)",[0.65244277 0.94019608 0.84949123],[0.4        0.76078431 0.64705882],49,Berea,"Yes, in Berea (49 responses)",[0.65244277 0.94019608 0.84949123],[0.4        0.76078431 0.64705882],72,Berea,"Yes, in Berea (72 responses)",[0.65244277 0.94019608 0.84949123],[0.4        0.76078431 0.64705882],18,,"Yes, in Berea (18 responses)",[0.65244277 0.94019608 0.84949123],[0.4        0.76078431 0.64705882],94,Berea,"Yes, in Berea (94 responses)",[0.65244277 0.94019608 0.84949123],[0.4        0.76078431 0.64705882],104,Berea,"Yes, in Berea (104 responses)",[0.65244277 0.94019608 0.84949123],[0.4        0.76078431 0.64705882],103,Berea,"Yes, in Berea (103 responses)",[0.65244277 0.94019608 0.84949123],[0.4        0.76078431 0.64705882],121,Berea,"Yes, in Berea (121 responses)",[0.65244277 0.94019608 0.84949123],[0.4        0.76078431 0.64705882],109,Berea,"Yes, in Berea (109 responses)",[0.65244277 0.94019608 0.84949123],[0.4        0.76078431 0.64705882],36,Berea,"Yes, in Berea (36 responses)",[0.65244277 0.94019608 0.84949123],[0.4        0.76078431 0.64705882],97,Berea,"Yes, in Berea (97 responses)",[0.65244277 0.94019608 0.84949123],[0.4        0.76078431 0.64705882],84,Berea,"Yes, in Berea (84 responses)",[0.65244277 0.94019608 0.84949123],[0.4        0.76078431 0.64705882],122,Berea,"Yes, in Berea (122 responses)",[0.65244277 0.94019608 0.84949123],[0.4        0.76078431 0.64705882],28,,"Yes, in Berea (28 responses)",[0.65244277 0.94019608 0.84949123],[0.4        0.76078431 0.64705882],144,Berea,"Yes, in Berea (144 responses)",[0.65244277 0.94019608 0.84949123],[0.4        0.76078431 0.64705882],156,Berea,"Yes, in Berea (156 responses)",[0.65244277 0.94019608 0.84949123],[0.4        0.76078431 0.64705882],137,Berea,"Yes, in Berea (137 responses)",[0.65244277 0.94019608 0.84949123],[0.4        0.76078431 0.64705882],98,Berea,"Yes, in Berea (98 responses)",[0.65244277 0.94019608 0.84949123],[0.4        0.76078431 0.64705882],127,Berea,"Yes, in Berea (127 responses)",[0.65244277 0.94019608 0.84949123],[0.4        0.76078431 0.64705882],34,Berea,"Yes, in Berea (34 responses)",[0.65244277 0.94019608 0.84949123],[0.4        0.76078431 0.64705882]
Yes,Katlehong,72,Katlehong,"Yes, in Katlehong (72 responses)",[0.70038328 0.97009804 0.88507926],[0.4        0.76078431 0.64705882],57,Katlehong,"Yes, in Katlehong (57 responses)",[0.70038328 0.97009804 0.88507926],[0.4        0.76078431 0.64705882],62,Katlehong,"Yes, in Katlehong (62 responses)",[0.70038328 0.97009804 0.88507926],[0.4        0.76078431 0.64705882],38,Katlehong,"Yes, in Katlehong (38 responses)",[0.70038328 0.97009804 0.88507926],[0.4        0.76078431 0.64705882],85,Katlehong,"Yes, in Katlehong (85 responses)",[0.70038328 0.97009804 0.88507926],[0.4        0.76078431 0.64705882],114,Katlehong,"Yes, in Katlehong (114 responses)",[0.70038328 0.97009804 0.88507926],[0.4        0.76078431 0.64705882],92,Katlehong,"Yes, in Katlehong (92 responses)",[0.70038328 0.97009804 0.88507926],[0.4        0.76078431 0.64705882],104,Katlehong,"Yes, in Katlehong (104 responses)",[0.70038328 0.97009804 0.88507926],[0.4        0.76078431 0.64705882],100,Katlehong,"Yes, in Katlehong (100 responses)",[0.70038328 0.97009804 0.88507926],[0.4        0.76078431 0.64705882],50,Katlehong,"Yes, in Katlehong (50 responses)",[0.70038328 0.97009804 0.88507926],[0.4        0.76078431 0.64705882],81,Katlehong,"Yes, in Katlehong (81 responses)",[0.70038328 0.97009804 0.88507926],[0.4        0.76078431 0.64705882],58,Katlehong,"Yes, in Katlehong (58 responses)",[0.70038328 0.97009804 0.88507926],[0.4        0.76078431 0.64705882],118,Katlehong,"Yes, in Katlehong (118 responses)",[0.70038328 0.97009804 0.88507926],[0.4        0.76078431 0.64705882],25,,"Yes, in Katlehong (25 responses)",[0.70038328 0.97009804 0.88507926],[0.4        0.76078431 0.64705882],139,Katlehong,"Yes, in Katlehong (139 responses)",[0.70038328 0.97009804 0.88507926],[0.4        0.76078431 0.64705882],137,Katlehong,"Yes, in Katlehong (137 responses)",[0.70038328 0.97009804 0.88507926],[0.4        0.76078431 0.64705882],135,Katlehong,"Yes, in Katlehong (135 responses)",[0.70038328 0.97009804 0.88507926],[0.4        0.76078431 0.64705882],104,Katlehong,"Yes, in Katlehong (104 responses)",[0.70038328 0.97009804 0.88507926],[0.4        0.76078431 0.64705882],141,Katlehong,"Yes, in Katlehong (141 responses)",[0.70038328 0.97009804 0.88507926],[0.4        0.76078431 0.64705882],40,Katlehong,"Yes, in Katlehong (40 responses)",[0.70038328 0.97009804 0.88507926],[0.4        0.76078431 0.64705882]
Yes,Diepsloot,65,Diepsloot,"Yes, in Diepsloot (65 responses)",[0.75       1.         0.92119565],[0.4        0.76078431 0.64705882],41,Diepsloot,"Yes, in Diepsloot (41 responses)",[0.75       1.         0.92119565],[0.4        0.76078431 0.64705882],43,Diepsloot,"Yes, in Diepsloot (43 responses)",[0.75       1.         0.92119565],[0.4        0.76078431 0.64705882],15,,"Yes, in Diepsloot (15 responses)",[0.75       1.         0.92119565],[0.4        0.76078431 0.64705882],95,Diepsloot,"Yes, in Diepsloot (95 responses)",[0.75       1.         0.92119565],[0.4        0.76078431 0.64705882],106,Diepsloot,"Yes, in Diepsloot (106 responses)",[0.75       1.         0.92119565],[0.4        0.76078431 0.64705882],97,Diepsloot,"Yes, in Diepsloot (97 responses)",[0.75       1.         0.92119565],[0.4        0.76078431 0.64705882],105,Diepsloot,"Yes, in Diepsloot (105 responses)",[0.75       1.         0.92119565],[0.4        0.76078431 0.64705882],91,Diepsloot,"Yes, in Diepsloot (91 responses)",[0.75       1.         0.92119565],[0.4        0.76078431 0.64705882],40,Diepsloot,"Yes, in Diepsloot (40 responses)",[0.75       1.         0.92119565],[0.4        0.76078431 0.64705882],81,Diepsloot,"Yes, in Diepsloot (81 responses)",[0.75       1.         0.92119565],[0.4        0.76078431 0.64705882],52,Diepsloot,"Yes, in Diepsloot (52 responses)",[0.75       1.         0.92119565],[0.4        0.76078431 0.64705882],115,Diepsloot,"Yes, in Diepsloot (115 responses)",[0.75       1.         0.92119565],[0.4        0.76078431 0.64705882],19,,"Yes, in Diepsloot (19 responses)",[0.75       1.         0.92119565],[0.4        0.76078431 0.64705882],130,Diepsloot,"Yes, in Diepsloot (130 responses)",[0.75       1.         0.92119565],[0.4        0.76078431 0.64705882],147,Diepsloot,"Yes, in Diepsloot (147 responses)",[0.75       1.         0.92119565],[0.4        0.76078431 0.64705882],127,Diepsloot,"Yes, in Diepsloot (127 responses)",[0.75       1.         0.92119565],[0.4        0.76078431 0.64705882],106,Diepsloot,"Yes, in Diepsloot (106 responses)",[0.75       1.         0.92119565],[0.4        0.76078431 0.64705882],142,Diepsloot,"Yes, in Diepsloot (142 responses)",[0.75       1.         0.92119565],[0.4        0.76078431 0.64705882],23,,"Yes, in Diepsloot (23 responses)",[0.75       1.         0.92119565],[0.4        0.76078431 0.64705882]
Yes & No,Madina,40,Madina,"Yes & No, in Madina (40 responses)",[0.98823529 0.55294118 0.38431373],[0.98823529 0.55294118 0.38431373],19,,"Yes & No, in Madina (19 responses)",[0.98823529 0.55294118 0.38431373],[0.98823529 0.55294118 0.38431373],27,,"Yes & No, in Madina (27 responses)",[0.98823529 0.55294118 0.38431373],[0.98823529 0.55294118 0.38431373],36,Madina,"Yes & No, in Madina (36 responses)",[0.98823529 0.55294118 0.38431373],[0.98823529 0.55294118 0.38431373],58,Madina,"Yes & No, in Madina (58 responses)",[0.98823529 0.55294118 0.38431373],[0.98823529 0.55294118 0.38431373],60,Madina,"Yes & No, in Madina (60 responses)",[0.98823529 0.55294118 0.38431373],[0.98823529 0.55294118 0.38431373],69,Madina,"Yes & No, in Madina (69 responses)",[0.98823529 0.55294118 0.38431373],[0.98823529 0.55294118 0.38431373],63,Madina,"Yes & No, in Madina (63 responses)",[0.98823529 0.55294118 0.38431373],[0.98823529 0.55294118 0.38431373],0,,"Yes & No, in Madina (0 responses)",[0.98823529 0.55294118 0.38431373],[0.98823529 0.55294118 0.38431373],65,Madina,"Yes & No, in Madina (65 responses)",[0.98823529 0.55294118 0.38431373],[0.98823529 0.55294118 0.38431373],67,Madina,"Yes & No, in Madina (67 responses)",[0.98823529 0.55294118 0.38431373],[0.98823529 0.55294118 0.38431373],39,Madina,"Yes & No, in Madina (39 responses)",[0.98823529 0.55294118 0.38431373],[0.98823529 0.55294118 0.38431373],0,,"Yes & No, in Madina (0 responses)",[0.98823529 0.55294118 0.38431373],[0.98823529 0.55294118 0.38431373],0,,"Yes & No, in Madina (0 responses)",[0.98823529 0.55294118 0.38431373],[0.98823529 0.55294118 0.38431373],0,,"Yes & No, in Madina (0 responses)",[0.98823529 0.55294118 0.38431373],[0.98823529 0.55294118 0.38431373],0,,"Yes & No, in Madina (0 responses)",[0.98823529 0.55294118 0.38431373],[0.98823529 0.55294118 0.38431373],0,,"Yes & No, in Madina (0 responses)",[0.98823529 0.55294118 0.38431373],[0.98823529 0.55294118 0.38431373],0,,"Yes & No, in Madina (0 responses)",[0.98823529 0.55294118 0.38431373],[0.98823529 0.55294118 0.38431373],0,,"Yes & No, in Madina (0 responses)",[0.98823529 0.55294118 0.38431373],[0.98823529 0.55294118 0.38431373],0,,"Yes & No, in Madina (0 responses)",[0.98823529 0.55294118 0.38431373],[0.98823529 0.55294118 0.38431373]
Yes & No,Old Fadama,51,Old Fadama,"Yes & No, in Old Fadama (51 responses)",[0.98970588 0.58596426 0.42955984],[0.98823529 0.55294118 0.38431373],46,Old Fadama,"Yes & No, in Old Fadama (46 responses)",[0.98970588 0.58596426 0.42955984],[0.98823529 0.55294118 0.38431373],37,Old Fadama,"Yes & No, in Old Fadama (37 responses)",[0.98970588 0.58596426 0.42955984],[0.98823529 0.55294118 0.38431373],53,Old Fadama,"Yes & No, in Old Fadama (53 responses)",[0.98970588 0.58596426 0.42955984],[0.98823529 0.55294118 0.38431373],68,Old Fadama,"Yes & No, in Old Fadama (68 responses)",[0.98970588 0.58596426 0.42955984],[0.98823529 0.55294118 0.38431373],86,Old Fadama,"Yes & No, in Old Fadama (86 responses)",[0.98970588 0.58596426 0.42955984],[0.98823529 0.55294118 0.38431373],90,Old Fadama,"Yes & No, in Old Fadama (90 responses)",[0.98970588 0.58596426 0.42955984],[0.98823529 0.55294118 0.38431373],75,Old Fadama,"Yes & No, in Old Fadama (75 responses)",[0.98970588 0.58596426 0.42955984],[0.98823529 0.55294118 0.38431373],0,,"Yes & No, in Old Fadama (0 responses)",[0.98970588 0.58596426 0.42955984],[0.98823529 0.55294118 0.38431373],102,Old Fadama,"Yes & No, in Old Fadama (102 responses)",[0.98970588 0.58596426 0.42955984],[0.98823529 0.55294118 0.38431373],85,Old Fadama,"Yes & No, in Old Fadama (85 responses)",[0.98970588 0.58596426 0.42955984],[0.98823529 0.55294118 0.38431373],58,Old Fadama,"Yes & No, in Old Fadama (58 responses)",[0.98970588 0.58596426 0.42955984],[0.98823529 0.55294118 0.38431373],0,,"Yes & No, in Old Fadama (0 responses)",[0.98970588 0.58596426 0.42955984],[0.98823529 0.55294118 0.38431373],0,,"Yes & No, in Old Fadama (0 responses)",[0.98970588 0.58596426 0.42955984],[0.98823529 0.55294118 0.38431373],0,,"Yes & No, in Old Fadama (0 responses)",[0.98970588 0.58596426 0.42955984],[0.98823529 0.55294118 0.38431373],0,,"Yes & No, in Old Fadama (0 responses)",[0.98970588 0.58596426 0.42955984],[0.98823529 0.55294118 0.38431373],0,,"Yes & No, in Old Fadama (0 responses)",[0.98970588 0.58596426 0.42955984],[0.98823529 0.55294118 0.38431373],0,,"Yes & No, in Old Fadama (0 responses)",[0.98970588 0.58596426 0.42955984],[0.98823529 0.55294118 0.38431373],0,,"Yes & No, in Old Fadama (0 responses)",[0.98970588 0.58596426 0.42955984],[0.98823529 0.55294118 0.38431373],0,,"Yes & No, in Old Fadama (0 responses)",[0.98970588 0.58596426 0.42955984],[0.98823529 0.55294118 0.38431373]
Yes & No,James Town,64,James Town,"Yes & No, in James Town (64 responses)",[0.99117647 0.61908303 0.47493873],[0.98823529 0.55294118 0.38431373],60,James Town,"Yes & No, in James Town (60 responses)",[0.99117647 0.61908303 0.47493873],[0.98823529 0.55294118 0.38431373],49,James Town,"Yes & No, in James Town (49 responses)",[0.99117647 0.61908303 0.47493873],[0.98823529 0.55294118 0.38431373],52,James Town,"Yes & No, in James Town (52 responses)",[0.99117647 0.61908303 0.47493873],[0.98823529 0.55294118 0.38431373],71,James Town,"Yes & No, in James Town (71 responses)",[0.99117647 0.61908303 0.47493873],[0.98823529 0.55294118 0.38431373],63,James Town,"Yes & No, in James Town (63 responses)",[0.99117647 0.61908303 0.47493873],[0.98823529 0.55294118 0.38431373],70,James Town,"Yes & No, in James Town (70 responses)",[0.99117647 0.61908303 0.47493873],[0.98823529 0.55294118 0.38431373],39,James Town,"Yes & No, in James Town (39 responses)",[0.99117647 0.61908303 0.47493873],[0.98823529 0.55294118 0.38431373],0,,"Yes & No, in James Town (0 responses)",[0.99117647 0.61908303 0.47493873],[0.98823529 0.55294118 0.38431373],42,James Town,"Yes & No, in James Town (42 responses)",[0.99117647 0.61908303 0.47493873],[0.98823529 0.55294118 0.38431373],100,James Town,"Yes & No, in James Town (100 responses)",[0.99117647 0.61908303 0.47493873],[0.98823529 0.55294118 0.38431373],60,James Town,"Yes & No, in James Town (60 responses)",[0.99117647 0.61908303 0.47493873],[0.98823529 0.55294118 0.38431373],0,,"Yes & No, in James Town (0 responses)",[0.99117647 0.61908303 0.47493873],[0.98823529 0.55294118 0.38431373],0,,"Yes & No, in James Town (0 responses)",[0.99117647 0.61908303 0.47493873],[0.98823529 0.55294118 0.38431373],0,,"Yes & No, in James Town (0 responses)",[0.99117647 0.61908303 0.47493873],[0.98823529 0.55294118 0.38431373],0,,"Yes & No, in James Town (0 responses)",[0.99117647 0.61908303 0.47493873],[0.98823529 0.55294118 0.38431373],0,,"Yes & No, in James Town (0 responses)",[0.99117647 0.61908303 0.47493873],[0.98823529 0.55294118 0.38431373],0,,"Yes & No, in James Town (0 responses)",[0.99117647 0.61908303 0.47493873],[0.98823529 0.55294118 0.38431373],0,,"Yes & No, in James Town (0 responses)",[0.99117647 0.61908303 0.47493873],[0.98823529 0.55294118 0.38431373],0,,"Yes & No, in James Town (0 responses)",[0.99117647 0.61908303 0.47493873],[0.98823529 0.55294118 0.38431373]
Yes & No,Kawangware,30,,"Yes & No, in Kawangware (30 responses)",[0.99264706 0.6522975  0.52045037],[0.98823529 0.55294118 0.38431373],15,,"Yes & No, in Kawangware (15 responses)",[0.99264706 0.6522975  0.52045037],[0.98823529 0.55294118 0.38431373],17,,"Yes & No, in Kawangware (17 responses)",[0.99264706 0.6522975  0.52045037],[0.98823529 0.55294118 0.38431373],14,,"Yes & No, in Kawangware (14 responses)",[0.99264706 0.6522975  0.52045037],[0.98823529 0.55294118 0.38431373],38,Kawangware,"Yes & No, in Kawangware (38 responses)",[0.99264706 0.6522975  0.52045037],[0.98823529 0.55294118 0.38431373],36,Kawangware,"Yes & No, in Kawangware (36 responses)",[0.99264706 0.6522975  0.52045037],[0.98823529 0.55294118 0.38431373],36,Kawangware,"Yes & No, in Kawangware (36 responses)",[0.99264706 0.6522975  0.52045037],[0.98823529 0.55294118 0.38431373],15,,"Yes & No, in Kawangware (15 responses)",[0.99264706 0.6522975  0.52045037],[0.98823529 0.55294118 0.38431373],0,,"Yes & No, in Kawangware (0 responses)",[0.99264706 0.6522975  0.52045037],[0.98823529 0.55294118 0.38431373],21,,"Yes & No, in Kawangware (21 responses)",[0.99264706 0.6522975  0.52045037],[0.98823529 0.55294118 0.38431373],19,,"Yes & No, in Kawangware (19 responses)",[0.99264706 0.6522975  0.52045037],[0.98823529 0.55294118 0.38431373],27,,"Yes & No, in Kawangware (27 responses)",[0.99264706 0.6522975  0.52045037],[0.98823529 0.55294118 0.38431373],0,,"Yes & No, in Kawangware (0 responses)",[0.99264706 0.6522975  0.52045037],[0.98823529 0.55294118 0.38431373],0,,"Yes & No, in Kawangware (0 responses)",[0.99264706 0.6522975  0.52045037],[0.98823529 0.55294118 0.38431373],0,,"Yes & No, in Kawangware (0 responses)",[0.99264706 0.6522975  0.52045037],[0.98823529 0.55294118 0.38431373],0,,"Yes & No, in Kawangware (0 responses)",[0.99264706 0.6522975  0.52045037],[0.98823529 0.55294118 0.38431373],0,,"Yes & No, in Kawangware (0 responses)",[0.99264706 0.6522975  0.52045037],[0.98823529 0.55294118 0.38431373],0,,"Yes & No, in Kawangware (0 responses)",[0.99264706 0.6522975  0.52045037],[0.98823529 0.55294118 0.38431373],0,,"Yes & No, in Kawangware (0 responses)",[0.99264706 0.6522975  0.52045037],[0.98823529 0.55294118 0.38431373],0,,"Yes & No, in Kawangware (0 responses)",[0.99264706 0.6522975  0.52045037],[0.98823529 0.55294118 0.38431373]
Yes & No,Kayole,21,,"Yes & No, in Kayole (21 responses)",[0.99411765 0.68560765 0.56609477],[0.98823529 0.55294118 0.38431373],20,,"Yes & No, in Kayole (20 responses)",[0.99411765 0.68560765 0.56609477],[0.98823529 0.55294118 0.38431373],20,,"Yes & No, in Kayole (20 responses)",[0.99411765 0.68560765 0.56609477],[0.98823529 0.55294118 0.38431373],21,,"Yes & No, in Kayole (21 responses)",[0.99411765 0.68560765 0.56609477],[0.98823529 0.55294118 0.38431373],43,Kayole,"Yes & No, in Kayole (43 responses)",[0.99411765 0.68560765 0.56609477],[0.98823529 0.55294118 0.38431373],39,Kayole,"Yes & No, in Kayole (39 responses)",[0.99411765 0.68560765 0.56609477],[0.98823529 0.55294118 0.38431373],40,Kayole,"Yes & No, in Kayole (40 responses)",[0.99411765 0.68560765 0.56609477],[0.98823529 0.55294118 0.38431373],24,,"Yes & No, in Kayole (24 responses)",[0.99411765 0.68560765 0.56609477],[0.98823529 0.55294118 0.38431373],0,,"Yes & No, in Kayole (0 responses)",[0.99411765 0.68560765 0.56609477],[0.98823529 0.55294118 0.38431373],15,,"Yes & No, in Kayole (15 responses)",[0.99411765 0.68560765 0.56609477],[0.98823529 0.55294118 0.38431373],24,,"Yes & No, in Kayole (24 responses)",[0.99411765 0.68560765 0.56609477],[0.98823529 0.55294118 0.38431373],19,,"Yes & No, in Kayole (19 responses)",[0.99411765 0.68560765 0.56609477],[0.98823529 0.55294118 0.38431373],0,,"Yes & No, in Kayole (0 responses)",[0.99411765 0.68560765 0.56609477],[0.98823529 0.55294118 0.38431373],0,,"Yes & No, in Kayole (0 responses)",[0.99411765 0.68560765 0.56609477],[0.98823529 0.55294118 0.38431373],0,,"Yes & No, in Kayole (0 responses)",[0.99411765 0.68560765 0.56609477],[0.98823529 0.55294118 0.38431373],0,,"Yes & No, in Kayole (0 responses)",[0.99411765 0.68560765 0.56609477],[0.98823529 0.55294118 0.38431373],0,,"Yes & No, in Kayole (0 responses)",[0.99411765 0.68560765 0.56609477],[0.98823529 0.55294118 0.38431373],0,,"Yes & No, in Kayole (0 responses)",[0.99411765 0.68560765 0.56609477],[0.98823529 0.55294118 0.38431373],0,,"Yes & No, in Kayole (0 responses)",[0.99411765 0.68560765 0.56609477],[0.98823529 0.55294118 0.38431373],0,,"Yes & No, in Kayole (0 responses)",[0.99411765 0.68560765 0.56609477],[0.98823529 0.55294118 0.38431373]
Yes & No,Ongata Rongai,25,,"Yes & No, in Ongata Rongai (25 responses)",[0.99558824 0.7190135  0.61187194],[0.98823529 0.55294118 0.38431373],26,,"Yes & No, in Ongata Rongai (26 responses)",[0.99558824 0.7190135  0.61187194],[0.98823529 0.55294118 0.38431373],18,,"Yes & No, in Ongata Rongai (18 responses)",[0.99558824 0.7190135  0.61187194],[0.98823529 0.55294118 0.38431373],18,,"Yes & No, in Ongata Rongai (18 responses)",[0.99558824 0.7190135  0.61187194],[0.98823529 0.55294118 0.38431373],33,Ongata Rongai,"Yes & No, in Ongata Rongai (33 responses)",[0.99558824 0.7190135  0.61187194],[0.98823529 0.55294118 0.38431373],30,,"Yes & No, in Ongata Rongai (30 responses)",[0.99558824 0.7190135  0.61187194],[0.98823529 0.55294118 0.38431373],36,Ongata Rongai,"Yes & No, in Ongata Rongai (36 responses)",[0.99558824 0.7190135  0.61187194],[0.98823529 0.55294118 0.38431373],21,,"Yes & No, in Ongata Rongai (21 responses)",[0.99558824 0.7190135  0.61187194],[0.98823529 0.55294118 0.38431373],0,,"Yes & No, in Ongata Rongai (0 responses)",[0.99558824 0.7190135  0.61187194],[0.98823529 0.55294118 0.38431373],5,,"Yes & No, in Ongata Rongai (5 responses)",[0.99558824 0.7190135  0.61187194],[0.98823529 0.55294118 0.38431373],13,,"Yes & No, in Ongata Rongai (13 responses)",[0.99558824 0.7190135  0.61187194],[0.98823529 0.55294118 0.38431373],17,,"Yes & No, in Ongata Rongai (17 responses)",[0.99558824 0.7190135  0.61187194],[0.98823529 0.55294118 0.38431373],0,,"Yes & No, in Ongata Rongai (0 responses)",[0.99558824 0.7190135  0.61187194],[0.98823529 0.55294118 0.38431373],0,,"Yes & No, in Ongata Rongai (0 responses)",[0.99558824 0.7190135  0.61187194],[0.98823529 0.55294118 0.38431373],0,,"Yes & No, in Ongata Rongai (0 responses)",[0.99558824 0.7190135  0.61187194],[0.98823529 0.55294118 0.38431373],0,,"Yes & No, in Ongata Rongai (0 responses)",[0.99558824 0.7190135  0.61187194],[0.98823529 0.55294118 0.38431373],0,,"Yes & No, in Ongata Rongai (0 responses)",[0.99558824 0.7190135  0.61187194],[0.98823529 0.55294118 0.38431373],0,,"Yes & No, in Ongata Rongai (0 responses)",[0.99558824 0.7190135  0.61187194],[0.98823529 0.55294118 0.38431373],0,,"Yes & No, in Ongata Rongai (0 responses)",[0.99558824 0.7190135  0.61187194],[0.98823529 0.55294118 0.38431373],0,,"Yes & No, in Ongata Rongai (0 responses)",[0.99558824 0.7190135  0.61187194],[0.98823529 0.55294118 0.38431373]
Yes & No,Berea,40,Berea,"Yes & No, in Berea (40 responses)",[0.99705882 0.75251504 0.65778186],[0.98823529 0.55294118 0.38431373],24,,"Yes & No, in Berea (24 responses)",[0.99705882 0.75251504 0.65778186],[0.98823529 0.55294118 0.38431373],17,,"Yes & No, in Berea (17 responses)",[0.99705882 0.75251504 0.65778186],[0.98823529 0.55294118 0.38431373],10,,"Yes & No, in Berea (10 responses)",[0.99705882 0.75251504 0.65778186],[0.98823529 0.55294118 0.38431373],38,Berea,"Yes & No, in Berea (38 responses)",[0.99705882 0.75251504 0.65778186],[0.98823529 0.55294118 0.38431373],42,Berea,"Yes & No, in Berea (42 responses)",[0.99705882 0.75251504 0.65778186],[0.98823529 0.55294118 0.38431373],40,Berea,"Yes & No, in Berea (40 responses)",[0.99705882 0.75251504 0.65778186],[0.98823529 0.55294118 0.38431373],32,,"Yes & No, in Berea (32 responses)",[0.99705882 0.75251504 0.65778186],[0.98823529 0.55294118 0.38431373],0,,"Yes & No, in Berea (0 responses)",[0.99705882 0.75251504 0.65778186],[0.98823529 0.55294118 0.38431373],15,,"Yes & No, in Berea (15 responses)",[0.99705882 0.75251504 0.65778186],[0.98823529 0.55294118 0.38431373],46,Berea,"Yes & No, in Berea (46 responses)",[0.99705882 0.75251504 0.65778186],[0.98823529 0.55294118 0.38431373],26,,"Yes & No, in Berea (26 responses)",[0.99705882 0.75251504 0.65778186],[0.98823529 0.55294118 0.38431373],0,,"Yes & No, in Berea (0 responses)",[0.99705882 0.75251504 0.65778186],[0.98823529 0.55294118 0.38431373],0,,"Yes & No, in Berea (0 responses)",[0.99705882 0.75251504 0.65778186],[0.98823529 0.55294118 0.38431373],0,,"Yes & No, in Berea (0 responses)",[0.99705882 0.75251504 0.65778186],[0.98823529 0.55294118 0.38431373],0,,"Yes & No, in Berea (0 responses)",[0.99705882 0.75251504 0.65778186],[0.98823529 0.55294118 0.38431373],0,,"Yes & No, in Berea (0 responses)",[0.99705882 0.75251504 0.65778186],[0.98823529 0.55294118 0.38431373],0,,"Yes & No, in Berea (0 responses)",[0.99705882 0.75251504 0.65778186],[0.98823529 0.55294118 0.38431373],0,,"Yes & No, in Berea (0 responses)",[0.99705882 0.75251504 0.65778186],[0.98823529 0.55294118 0.38431373],0,,"Yes & No, in Berea (0 responses)",[0.99705882 0.75251504 0.65778186],[0.98823529 0.55294118 0.38431373]
Yes & No,Katlehong,21,,"Yes & No, in Katlehong (21 responses)",[0.99852941 0.78611227 0.70382455],[0.98823529 0.55294118 0.38431373],15,,"Yes & No, in Katlehong (15 responses)",[0.99852941 0.78611227 0.70382455],[0.98823529 0.55294118 0.38431373],15,,"Yes & No, in Katlehong (15 responses)",[0.99852941 0.78611227 0.70382455],[0.98823529 0.55294118 0.38431373],12,,"Yes & No, in Katlehong (12 responses)",[0.99852941 0.78611227 0.70382455],[0.98823529 0.55294118 0.38431373],37,Katlehong,"Yes & No, in Katlehong (37 responses)",[0.99852941 0.78611227 0.70382455],[0.98823529 0.55294118 0.38431373],20,,"Yes & No, in Katlehong (20 responses)",[0.99852941 0.78611227 0.70382455],[0.98823529 0.55294118 0.38431373],30,,"Yes & No, in Katlehong (30 responses)",[0.99852941 0.78611227 0.70382455],[0.98823529 0.55294118 0.38431373],28,,"Yes & No, in Katlehong (28 responses)",[0.99852941 0.78611227 0.70382455],[0.98823529 0.55294118 0.38431373],0,,"Yes & No, in Katlehong (0 responses)",[0.99852941 0.78611227 0.70382455],[0.98823529 0.55294118 0.38431373],8,,"Yes & No, in Katlehong (8 responses)",[0.99852941 0.78611227 0.70382455],[0.98823529 0.55294118 0.38431373],33,Katlehong,"Yes & No, in Katlehong (33 responses)",[0.99852941 0.78611227 0.70382455],[0.98823529 0.55294118 0.38431373],27,,"Yes & No, in Katlehong (27 responses)",[0.99852941 0.78611227 0.70382455],[0.98823529 0.55294118 0.38431373],0,,"Yes & No, in Katlehong (0 responses)",[0.99852941 0.78611227 0.70382455],[0.98823529 0.55294118 0.38431373],0,,"Yes & No, in Katlehong (0 responses)",[0.99852941 0.78611227 0.70382455],[0.98823529 0.55294118 0.38431373],0,,"Yes & No, in Katlehong (0 responses)",[0.99852941 0.78611227 0.70382455],[0.98823529 0.55294118 0.38431373],0,,"Yes & No, in Katlehong (0 responses)",[0.99852941 0.78611227 0.70382455],[0.98823529 0.55294118 0.38431373],0,,"Yes & No, in Katlehong (0 responses)",[0.99852941 0.78611227 0.70382455],[0.98823529 0.55294118 0.38431373],0,,"Yes & No, in Katlehong (0 responses)",[0.99852941 0.78611227 0.70382455],[0.98823529 0.55294118 0.38431373],0,,"Yes & No, in Katlehong (0 responses)",[0.99852941 0.78611227 0.70382455],[0.98823529 0.55294118 0.38431373],0,,"Yes & No, in Katlehong (0 responses)",[0.99852941 0.78611227 0.70382455],[0.98823529 0.55294118 0.38431373]
Yes & No,Diepsloot,26,,"Yes & No, in Diepsloot (26 responses)",[1.         0.81980519 0.75      ],[0.98823529 0.55294118 0.38431373],23,,"Yes & No, in Diepsloot (23 responses)",[1.         0.81980519 0.75      ],[0.98823529 0.55294118 0.38431373],20,,"Yes & No, in Diepsloot (20 responses)",[1.         0.81980519 0.75      ],[0.98823529 0.55294118 0.38431373],12,,"Yes & No, in Diepsloot (12 responses)",[1.         0.81980519 0.75      ],[0.98823529 0.55294118 0.38431373],27,,"Yes & No, in Diepsloot (27 responses)",[1.         0.81980519 0.75      ],[0.98823529 0.55294118 0.38431373],32,,"Yes & No, in Diepsloot (32 responses)",[1.         0.81980519 0.75      ],[0.98823529 0.55294118 0.38431373],39,Diepsloot,"Yes & No, in Diepsloot (39 responses)",[1.         0.81980519 0.75      ],[0.98823529 0.55294118 0.38431373],27,,"Yes & No, in Diepsloot (27 responses)",[1.         0.81980519 0.75      ],[0.98823529 0.55294118 0.38431373],0,,"Yes & No, in Diepsloot (0 responses)",[1.         0.81980519 0.75      ],[0.98823529 0.55294118 0.38431373],18,,"Yes & No, in Diepsloot (18 responses)",[1.         0.81980519 0.75      ],[0.98823529 0.55294118 0.38431373],34,Diepsloot,"Yes & No, in Diepsloot (34 responses)",[1.         0.81980519 0.75      ],[0.98823529 0.55294118 0.38431373],31,,"Yes & No, in Diepsloot (31 responses)",[1.         0.81980519 0.75      ],[0.98823529 0.55294118 0.38431373],0,,"Yes & No, in Diepsloot (0 responses)",[1.         0.81980519 0.75      ],[0.98823529 0.55294118 0.38431373],0,,"Yes & No, in Diepsloot (0 responses)",[1.         0.81980519 0.75      ],[0.98823529 0.55294118 0.38431373],0,,"Yes & No, in Diepsloot (0 responses)",[1.         0.81980519 0.75      ],[0.98823529 0.55294118 0.38431373],0,,"Yes & No, in Diepsloot (0 responses)",[1.         0.81980519 0.75      ],[0.98823529 0.55294118 0.38431373],0,,"Yes & No, in Diepsloot (0 responses)",[1.         0.81980519 0.75      ],[0.98823529 0.55294118 0.38431373],0,,"Yes & No, in Diepsloot (0 responses)",[1.         0.81980519 0.75      ],[0.98823529 0.55294118 0.38431373],0,,"Yes & No, in Diepsloot (0 responses)",[1.         0.81980519 0.75      ],[0.98823529 0.55294118 0.38431373],0,,"Yes & No, in Diepsloot (0 responses)",[1.         0.81980519 0.75      ],[0.98823529 0.55294118 0.38431373]
No,Madina,94,Madina,"No, in Madina (94 responses)",[0.55294118 0.62745098 0.79607843],[0.55294118 0.62745098 0.79607843],111,Madina,"No, in Madina (111 responses)",[0.55294118 0.62745098 0.79607843],[0.55294118 0.62745098 0.79607843],110,Madina,"No, in Madina (110 responses)",[0.55294118 0.62745098 0.79607843],[0.55294118 0.62745098 0.79607843],90,Madina,"No, in Madina (90 responses)",[0.55294118 0.62745098 0.79607843],[0.55294118 0.62745098 0.79607843],69,Madina,"No, in Madina (69 responses)",[0.55294118 0.62745098 0.79607843],[0.55294118 0.62745098 0.79607843],50,Madina,"No, in Madina (50 responses)",[0.55294118 0.62745098 0.79607843],[0.55294118 0.62745098 0.79607843],50,Madina,"No, in Madina (50 responses)",[0.55294118 0.62745098 0.79607843],[0.55294118 0.62745098 0.79607843],45,Madina,"No, in Madina (45 responses)",[0.55294118 0.62745098 0.79607843],[0.55294118 0.62745098 0.79607843],34,Madina,"No, in Madina (34 responses)",[0.55294118 0.62745098 0.79607843],[0.55294118 0.62745098 0.79607843],54,Madina,"No, in Madina (54 responses)",[0.55294118 0.62745098 0.79607843],[0.55294118 0.62745098 0.79607843],62,Madina,"No, in Madina (62 responses)",[0.55294118 0.62745098 0.79607843],[0.55294118 0.62745098 0.79607843],92,Madina,"No, in Madina (92 responses)",[0.55294118 0.62745098 0.79607843],[0.55294118 0.62745098 0.79607843],58,Madina,"No, in Madina (58 responses)",[0.55294118 0.62745098 0.79607843],[0.55294118 0.62745098 0.79607843],202,Madina,"No, in Madina (202 responses)",[0.55294118 0.62745098 0.79607843],[0.55294118 0.62745098 0.79607843],34,Madina,"No, in Madina (34 responses)",[0.55294118 0.62745098 0.79607843],[0.55294118 0.62745098 0.79607843],44,Madina,"No, in Madina (44 responses)",[0.55294118 0.62745098 0.79607843],[0.55294118 0.62745098 0.79607843],42,Madina,"No, in Madina (42 responses)",[0.55294118 0.62745098 0.79607843],[0.55294118 0.62745098 0.79607843],45,Madina,"No, in Madina (45 responses)",[0.55294118 0.62745098 0.79607843],[0.55294118 0.62745098 0.79607843],29,,"No, in Madina (29 responses)",[0.55294118 0.62745098 0.79607843],[0.55294118 0.62745098 0.79607843],172,Madina,"No, in Madina (172 responses)",[0.55294118 0.62745098 0.79607843],[0.55294118 0.62745098 0.79607843]
No,Old Fadama,84,Old Fadama,"No, in Old Fadama (84 responses)",[0.57633747 0.65148896 0.82156863],[0.55294118 0.62745098 0.79607843],77,Old Fadama,"No, in Old Fadama (77 responses)",[0.57633747 0.65148896 0.82156863],[0.55294118 0.62745098 0.79607843],77,Old Fadama,"No, in Old Fadama (77 responses)",[0.57633747 0.65148896 0.82156863],[0.55294118 0.62745098 0.79607843],36,Old Fadama,"No, in Old Fadama (36 responses)",[0.57633747 0.65148896 0.82156863],[0.55294118 0.62745098 0.79607843],53,Old Fadama,"No, in Old Fadama (53 responses)",[0.57633747 0.65148896 0.82156863],[0.55294118 0.62745098 0.79607843],35,Old Fadama,"No, in Old Fadama (35 responses)",[0.57633747 0.65148896 0.82156863],[0.55294118 0.62745098 0.79607843],44,Old Fadama,"No, in Old Fadama (44 responses)",[0.57633747 0.65148896 0.82156863],[0.55294118 0.62745098 0.79607843],13,,"No, in Old Fadama (13 responses)",[0.57633747 0.65148896 0.82156863],[0.55294118 0.62745098 0.79607843],14,,"No, in Old Fadama (14 responses)",[0.57633747 0.65148896 0.82156863],[0.55294118 0.62745098 0.79607843],22,,"No, in Old Fadama (22 responses)",[0.57633747 0.65148896 0.82156863],[0.55294118 0.62745098 0.79607843],41,Old Fadama,"No, in Old Fadama (41 responses)",[0.57633747 0.65148896 0.82156863],[0.55294118 0.62745098 0.79607843],60,Old Fadama,"No, in Old Fadama (60 responses)",[0.57633747 0.65148896 0.82156863],[0.55294118 0.62745098 0.79607843],66,Old Fadama,"No, in Old Fadama (66 responses)",[0.57633747 0.65148896 0.82156863],[0.55294118 0.62745098 0.79607843],177,Old Fadama,"No, in Old Fadama (177 responses)",[0.57633747 0.65148896 0.82156863],[0.55294118 0.62745098 0.79607843],55,Old Fadama,"No, in Old Fadama (55 responses)",[0.57633747 0.65148896 0.82156863],[0.55294118 0.62745098 0.79607843],54,Old Fadama,"No, in Old Fadama (54 responses)",[0.57633747 0.65148896 0.82156863],[0.55294118 0.62745098 0.79607843],66,Old Fadama,"No, in Old Fadama (66 responses)",[0.57633747 0.65148896 0.82156863],[0.55294118 0.62745098 0.79607843],38,Old Fadama,"No, in Old Fadama (38 responses)",[0.57633747 0.65148896 0.82156863],[0.55294118 0.62745098 0.79607843],49,Old Fadama,"No, in Old Fadama (49 responses)",[0.57633747 0.65148896 0.82156863],[0.55294118 0.62745098 0.79607843],120,Old Fadama,"No, in Old Fadama (120 responses)",[0.57633747 0.65148896 0.82156863],[0.55294118 0.62745098 0.79607843]
No,James Town,44,James Town,"No, in James Town (44 responses)",[0.60008693 0.67577187 0.84705882],[0.55294118 0.62745098 0.79607843],43,James Town,"No, in James Town (43 responses)",[0.60008693 0.67577187 0.84705882],[0.55294118 0.62745098 0.79607843],57,James Town,"No, in James Town (57 responses)",[0.60008693 0.67577187 0.84705882],[0.55294118 0.62745098 0.79607843],40,James Town,"No, in James Town (40 responses)",[0.60008693 0.67577187 0.84705882],[0.55294118 0.62745098 0.79607843],32,,"No, in James Town (32 responses)",[0.60008693 0.67577187 0.84705882],[0.55294118 0.62745098 0.79607843],17,,"No, in James Town (17 responses)",[0.60008693 0.67577187 0.84705882],[0.55294118 0.62745098 0.79607843],27,,"No, in James Town (27 responses)",[0.60008693 0.67577187 0.84705882],[0.55294118 0.62745098 0.79607843],5,,"No, in James Town (5 responses)",[0.60008693 0.67577187 0.84705882],[0.55294118 0.62745098 0.79607843],28,,"No, in James Town (28 responses)",[0.60008693 0.67577187 0.84705882],[0.55294118 0.62745098 0.79607843],49,James Town,"No, in James Town (49 responses)",[0.60008693 0.67577187 0.84705882],[0.55294118 0.62745098 0.79607843],19,,"No, in James Town (19 responses)",[0.60008693 0.67577187 0.84705882],[0.55294118 0.62745098 0.79607843],37,James Town,"No, in James Town (37 responses)",[0.60008693 0.67577187 0.84705882],[0.55294118 0.62745098 0.79607843],80,James Town,"No, in James Town (80 responses)",[0.60008693 0.67577187 0.84705882],[0.55294118 0.62745098 0.79607843],166,James Town,"No, in James Town (166 responses)",[0.60008693 0.67577187 0.84705882],[0.55294118 0.62745098 0.79607843],54,James Town,"No, in James Town (54 responses)",[0.60008693 0.67577187 0.84705882],[0.55294118 0.62745098 0.79607843],56,James Town,"No, in James Town (56 responses)",[0.60008693 0.67577187 0.84705882],[0.55294118 0.62745098 0.79607843],78,James Town,"No, in James Town (78 responses)",[0.60008693 0.67577187 0.84705882],[0.55294118 0.62745098 0.79607843],59,James Town,"No, in James Town (59 responses)",[0.60008693 0.67577187 0.84705882],[0.55294118 0.62745098 0.79607843],51,James Town,"No, in James Town (51 responses)",[0.60008693 0.67577187 0.84705882],[0.55294118 0.62745098 0.79607843],103,James Town,"No, in James Town (103 responses)",[0.60008693 0.67577187 0.84705882],[0.55294118 0.62745098 0.79607843]
No,Kawangware,84,Kawangware,"No, in Kawangware (84 responses)",[0.62418955 0.70029971 0.87254902],[0.55294118 0.62745098 0.79607843],101,Kawangware,"No, in Kawangware (101 responses)",[0.62418955 0.70029971 0.87254902],[0.55294118 0.62745098 0.79607843],99,Kawangware,"No, in Kawangware (99 responses)",[0.62418955 0.70029971 0.87254902],[0.55294118 0.62745098 0.79607843],55,Kawangware,"No, in Kawangware (55 responses)",[0.62418955 0.70029971 0.87254902],[0.55294118 0.62745098 0.79607843],45,Kawangware,"No, in Kawangware (45 responses)",[0.62418955 0.70029971 0.87254902],[0.55294118 0.62745098 0.79607843],29,,"No, in Kawangware (29 responses)",[0.62418955 0.70029971 0.87254902],[0.55294118 0.62745098 0.79607843],30,,"No, in Kawangware (30 responses)",[0.62418955 0.70029971 0.87254902],[0.55294118 0.62745098 0.79607843],22,,"No, in Kawangware (22 responses)",[0.62418955 0.70029971 0.87254902],[0.55294118 0.62745098 0.79607843],26,,"No, in Kawangware (26 responses)",[0.62418955 0.70029971 0.87254902],[0.55294118 0.62745098 0.79607843],44,Kawangware,"No, in Kawangware (44 responses)",[0.62418955 0.70029971 0.87254902],[0.55294118 0.62745098 0.79607843],31,,"No, in Kawangware (31 responses)",[0.62418955 0.70029971 0.87254902],[0.55294118 0.62745098 0.79607843],59,Kawangware,"No, in Kawangware (59 responses)",[0.62418955 0.70029971 0.87254902],[0.55294118 0.62745098 0.79607843],32,,"No, in Kawangware (32 responses)",[0.62418955 0.70029971 0.87254902],[0.55294118 0.62745098 0.79607843],180,Kawangware,"No, in Kawangware (180 responses)",[0.62418955 0.70029971 0.87254902],[0.55294118 0.62745098 0.79607843],29,,"No, in Kawangware (29 responses)",[0.62418955 0.70029971 0.87254902],[0.55294118 0.62745098 0.79607843],35,Kawangware,"No, in Kawangware (35 responses)",[0.62418955 0.70029971 0.87254902],[0.55294118 0.62745098 0.79607843],30,,"No, in Kawangware (30 responses)",[0.62418955 0.70029971 0.87254902],[0.55294118 0.62745098 0.79607843],48,Kawangware,"No, in Kawangware (48 responses)",[0.62418955 0.70029971 0.87254902],[0.55294118 0.62745098 0.79607843],22,,"No, in Kawangware (22 responses)",[0.62418955 0.70029971 0.87254902],[0.55294118 0.62745098 0.79607843],162,Kawangware,"No, in Kawangware (162 responses)",[0.62418955 0.70029971 0.87254902],[0.55294118 0.62745098 0.79607843]
No,Kayole,65,Kayole,"No, in Kayole (65 responses)",[0.64864532 0.72507248 0.89803922],[0.55294118 0.62745098 0.79607843],63,Kayole,"No, in Kayole (63 responses)",[0.64864532 0.72507248 0.89803922],[0.55294118 0.62745098 0.79607843],60,Kayole,"No, in Kayole (60 responses)",[0.64864532 0.72507248 0.89803922],[0.55294118 0.62745098 0.79607843],49,Kayole,"No, in Kayole (49 responses)",[0.64864532 0.72507248 0.89803922],[0.55294118 0.62745098 0.79607843],23,,"No, in Kayole (23 responses)",[0.64864532 0.72507248 0.89803922],[0.55294118 0.62745098 0.79607843],13,,"No, in Kayole (13 responses)",[0.64864532 0.72507248 0.89803922],[0.55294118 0.62745098 0.79607843],12,,"No, in Kayole (12 responses)",[0.64864532 0.72507248 0.89803922],[0.55294118 0.62745098 0.79607843],11,,"No, in Kayole (11 responses)",[0.64864532 0.72507248 0.89803922],[0.55294118 0.62745098 0.79607843],13,,"No, in Kayole (13 responses)",[0.64864532 0.72507248 0.89803922],[0.55294118 0.62745098 0.79607843],24,,"No, in Kayole (24 responses)",[0.64864532 0.72507248 0.89803922],[0.55294118 0.62745098 0.79607843],17,,"No, in Kayole (17 responses)",[0.64864532 0.72507248 0.89803922],[0.55294118 0.62745098 0.79607843],50,Kayole,"No, in Kayole (50 responses)",[0.64864532 0.72507248 0.89803922],[0.55294118 0.62745098 0.79607843],22,,"No, in Kayole (22 responses)",[0.64864532 0.72507248 0.89803922],[0.55294118 0.62745098 0.79607843],159,Kayole,"No, in Kayole (159 responses)",[0.64864532 0.72507248 0.89803922],[0.55294118 0.62745098 0.79607843],21,,"No, in Kayole (21 responses)",[0.64864532 0.72507248 0.89803922],[0.55294118 0.62745098 0.79607843],18,,"No, in Kayole (18 responses)",[0.64864532 0.72507248 0.89803922],[0.55294118 0.62745098 0.79607843],20,,"No, in Kayole (20 responses)",[0.64864532 0.72507248 0.89803922],[0.55294118 0.62745098 0.79607843],29,,"No, in Kayole (29 responses)",[0.64864532 0.72507248 0.89803922],[0.55294118 0.62745098 0.79607843],17,,"No, in Kayole (17 responses)",[0.64864532 0.72507248 0.89803922],[0.55294118 0.62745098 0.79607843],138,Kayole,"No, in Kayole (138 responses)",[0.64864532 0.72507248 0.89803922],[0.55294118 0.62745098 0.79607843]
No,Ongata Rongai,44,Ongata Rongai,"No, in Ongata Rongai (44 responses)",[0.67345425 0.75009019 0.92352941],[0.55294118 0.62745098 0.79607843],44,Ongata Rongai,"No, in Ongata Rongai (44 responses)",[0.67345425 0.75009019 0.92352941],[0.55294118 0.62745098 0.79607843],47,Ongata Rongai,"No, in Ongata Rongai (47 responses)",[0.67345425 0.75009019 0.92352941],[0.55294118 0.62745098 0.79607843],30,,"No, in Ongata Rongai (30 responses)",[0.67345425 0.75009019 0.92352941],[0.55294118 0.62745098 0.79607843],12,,"No, in Ongata Rongai (12 responses)",[0.67345425 0.75009019 0.92352941],[0.55294118 0.62745098 0.79607843],8,,"No, in Ongata Rongai (8 responses)",[0.67345425 0.75009019 0.92352941],[0.55294118 0.62745098 0.79607843],8,,"No, in Ongata Rongai (8 responses)",[0.67345425 0.75009019 0.92352941],[0.55294118 0.62745098 0.79607843],2,,"No, in Ongata Rongai (2 responses)",[0.67345425 0.75009019 0.92352941],[0.55294118 0.62745098 0.79607843],3,,"No, in Ongata Rongai (3 responses)",[0.67345425 0.75009019 0.92352941],[0.55294118 0.62745098 0.79607843],21,,"No, in Ongata Rongai (21 responses)",[0.67345425 0.75009019 0.92352941],[0.55294118 0.62745098 0.79607843],6,,"No, in Ongata Rongai (6 responses)",[0.67345425 0.75009019 0.92352941],[0.55294118 0.62745098 0.79607843],35,Ongata Rongai,"No, in Ongata Rongai (35 responses)",[0.67345425 0.75009019 0.92352941],[0.55294118 0.62745098 0.79607843],12,,"No, in Ongata Rongai (12 responses)",[0.67345425 0.75009019 0.92352941],[0.55294118 0.62745098 0.79607843],162,Ongata Rongai,"No, in Ongata Rongai (162 responses)",[0.67345425 0.75009019 0.92352941],[0.55294118 0.62745098 0.79607843],15,,"No, in Ongata Rongai (15 responses)",[0.67345425 0.75009019 0.92352941],[0.55294118 0.62745098 0.79607843],14,,"No, in Ongata Rongai (14 responses)",[0.67345425 0.75009019 0.92352941],[0.55294118 0.62745098 0.79607843],18,,"No, in Ongata Rongai (18 responses)",[0.67345425 0.75009019 0.92352941],[0.55294118 0.62745098 0.79607843],18,,"No, in Ongata Rongai (18 responses)",[0.67345425 0.75009019 0.92352941],[0.55294118 0.62745098 0.79607843],16,,"No, in Ongata Rongai (16 responses)",[0.67345425 0.75009019 0.92352941],[0.55294118 0.62745098 0.79607843],141,Ongata Rongai,"No, in Ongata Rongai (141 responses)",[0.67345425 0.75009019 0.92352941],[0.55294118 0.62745098 0.79607843]
No,Berea,61,Berea,"No, in Berea (61 responses)",[0.69861634 0.77535283 0.94901961],[0.55294118 0.62745098 0.79607843],66,Berea,"No, in Berea (66 responses)",[0.69861634 0.77535283 0.94901961],[0.55294118 0.62745098 0.79607843],52,Berea,"No, in Berea (52 responses)",[0.69861634 0.77535283 0.94901961],[0.55294118 0.62745098 0.79607843],68,Berea,"No, in Berea (68 responses)",[0.69861634 0.77535283 0.94901961],[0.55294118 0.62745098 0.79607843],42,Berea,"No, in Berea (42 responses)",[0.69861634 0.77535283 0.94901961],[0.55294118 0.62745098 0.79607843],32,,"No, in Berea (32 responses)",[0.69861634 0.77535283 0.94901961],[0.55294118 0.62745098 0.79607843],36,Berea,"No, in Berea (36 responses)",[0.69861634 0.77535283 0.94901961],[0.55294118 0.62745098 0.79607843],23,,"No, in Berea (23 responses)",[0.69861634 0.77535283 0.94901961],[0.55294118 0.62745098 0.79607843],57,Berea,"No, in Berea (57 responses)",[0.69861634 0.77535283 0.94901961],[0.55294118 0.62745098 0.79607843],109,Berea,"No, in Berea (109 responses)",[0.69861634 0.77535283 0.94901961],[0.55294118 0.62745098 0.79607843],34,Berea,"No, in Berea (34 responses)",[0.69861634 0.77535283 0.94901961],[0.55294118 0.62745098 0.79607843],42,Berea,"No, in Berea (42 responses)",[0.69861634 0.77535283 0.94901961],[0.55294118 0.62745098 0.79607843],48,Berea,"No, in Berea (48 responses)",[0.69861634 0.77535283 0.94901961],[0.55294118 0.62745098 0.79607843],152,Berea,"No, in Berea (152 responses)",[0.69861634 0.77535283 0.94901961],[0.55294118 0.62745098 0.79607843],38,Berea,"No, in Berea (38 responses)",[0.69861634 0.77535283 0.94901961],[0.55294118 0.62745098 0.79607843],25,,"No, in Berea (25 responses)",[0.69861634 0.77535283 0.94901961],[0.55294118 0.62745098 0.79607843],33,Berea,"No, in Berea (33 responses)",[0.69861634 0.77535283 0.94901961],[0.55294118 0.62745098 0.79607843],78,Berea,"No, in Berea (78 responses)",[0.69861634 0.77535283 0.94901961],[0.55294118 0.62745098 0.79607843],50,Berea,"No, in Berea (50 responses)",[0.69861634 0.77535283 0.94901961],[0.55294118 0.62745098 0.79607843],145,Berea,"No, in Berea (145 responses)",[0.69861634 0.77535283 0.94901961],[0.55294118 0.62745098 0.79607843]
No,Katlehong,70,Katlehong,"No, in Katlehong (70 responses)",[0.72413159 0.8008604  0.9745098 ],[0.55294118 0.62745098 0.79607843],81,Katlehong,"No, in Katlehong (81 responses)",[0.72413159 0.8008604  0.9745098 ],[0.55294118 0.62745098 0.79607843],69,Katlehong,"No, in Katlehong (69 responses)",[0.72413159 0.8008604  0.9745098 ],[0.55294118 0.62745098 0.79607843],59,Katlehong,"No, in Katlehong (59 responses)",[0.72413159 0.8008604  0.9745098 ],[0.55294118 0.62745098 0.79607843],44,Katlehong,"No, in Katlehong (44 responses)",[0.72413159 0.8008604  0.9745098 ],[0.55294118 0.62745098 0.79607843],29,,"No, in Katlehong (29 responses)",[0.72413159 0.8008604  0.9745098 ],[0.55294118 0.62745098 0.79607843],43,Katlehong,"No, in Katlehong (43 responses)",[0.72413159 0.8008604  0.9745098 ],[0.55294118 0.62745098 0.79607843],28,,"No, in Katlehong (28 responses)",[0.72413159 0.8008604  0.9745098 ],[0.55294118 0.62745098 0.79607843],49,Katlehong,"No, in Katlehong (49 responses)",[0.72413159 0.8008604  0.9745098 ],[0.55294118 0.62745098 0.79607843],91,Katlehong,"No, in Katlehong (91 responses)",[0.72413159 0.8008604  0.9745098 ],[0.55294118 0.62745098 0.79607843],49,Katlehong,"No, in Katlehong (49 responses)",[0.72413159 0.8008604  0.9745098 ],[0.55294118 0.62745098 0.79607843],57,Katlehong,"No, in Katlehong (57 responses)",[0.72413159 0.8008604  0.9745098 ],[0.55294118 0.62745098 0.79607843],43,Katlehong,"No, in Katlehong (43 responses)",[0.72413159 0.8008604  0.9745098 ],[0.55294118 0.62745098 0.79607843],137,Katlehong,"No, in Katlehong (137 responses)",[0.72413159 0.8008604  0.9745098 ],[0.55294118 0.62745098 0.79607843],29,,"No, in Katlehong (29 responses)",[0.72413159 0.8008604  0.9745098 ],[0.55294118 0.62745098 0.79607843],27,,"No, in Katlehong (27 responses)",[0.72413159 0.8008604  0.9745098 ],[0.55294118 0.62745098 0.79607843],24,,"No, in Katlehong (24 responses)",[0.72413159 0.8008604  0.9745098 ],[0.55294118 0.62745098 0.79607843],55,Katlehong,"No, in Katlehong (55 responses)",[0.72413159 0.8008604  0.9745098 ],[0.55294118 0.62745098 0.79607843],18,,"No, in Katlehong (18 responses)",[0.72413159 0.8008604  0.9745098 ],[0.55294118 0.62745098 0.79607843],127,Katlehong,"No, in Katlehong (127 responses)",[0.72413159 0.8008604  0.9745098 ],[0.55294118 0.62745098 0.79607843]
No,Diepsloot,71,Diepsloot,"No, in Diepsloot (71 responses)",[0.75      0.8266129 1.       ],[0.55294118 0.62745098 0.79607843],82,Diepsloot,"No, in Diepsloot (82 responses)",[0.75      0.8266129 1.       ],[0.55294118 0.62745098 0.79607843],71,Diepsloot,"No, in Diepsloot (71 responses)",[0.75      0.8266129 1.       ],[0.55294118 0.62745098 0.79607843],68,Diepsloot,"No, in Diepsloot (68 responses)",[0.75      0.8266129 1.       ],[0.55294118 0.62745098 0.79607843],40,Diepsloot,"No, in Diepsloot (40 responses)",[0.75      0.8266129 1.       ],[0.55294118 0.62745098 0.79607843],22,,"No, in Diepsloot (22 responses)",[0.75      0.8266129 1.       ],[0.55294118 0.62745098 0.79607843],27,,"No, in Diepsloot (27 responses)",[0.75      0.8266129 1.       ],[0.55294118 0.62745098 0.79607843],25,,"No, in Diepsloot (25 responses)",[0.75      0.8266129 1.       ],[0.55294118 0.62745098 0.79607843],53,Diepsloot,"No, in Diepsloot (53 responses)",[0.75      0.8266129 1.       ],[0.55294118 0.62745098 0.79607843],85,Diepsloot,"No, in Diepsloot (85 responses)",[0.75      0.8266129 1.       ],[0.55294118 0.62745098 0.79607843],44,Diepsloot,"No, in Diepsloot (44 responses)",[0.75      0.8266129 1.       ],[0.55294118 0.62745098 0.79607843],64,Diepsloot,"No, in Diepsloot (64 responses)",[0.75      0.8266129 1.       ],[0.55294118 0.62745098 0.79607843],39,Diepsloot,"No, in Diepsloot (39 responses)",[0.75      0.8266129 1.       ],[0.55294118 0.62745098 0.79607843],144,Diepsloot,"No, in Diepsloot (144 responses)",[0.75      0.8266129 1.       ],[0.55294118 0.62745098 0.79607843],34,Diepsloot,"No, in Diepsloot (34 responses)",[0.75      0.8266129 1.       ],[0.55294118 0.62745098 0.79607843],16,,"No, in Diepsloot (16 responses)",[0.75      0.8266129 1.       ],[0.55294118 0.62745098 0.79607843],32,,"No, in Diepsloot (32 responses)",[0.75      0.8266129 1.       ],[0.55294118 0.62745098 0.79607843],53,Diepsloot,"No, in Diepsloot (53 responses)",[0.75      0.8266129 1.       ],[0.55294118 0.62745098 0.79607843],17,,"No, in Diepsloot (17 responses)",[0.75      0.8266129 1.       ],[0.55294118 0.62745098 0.79607843],141,Diepsloot,"No, in Diepsloot (141 responses)",[0.75      0.8266129 1.       ],[0.55294118 0.62745098 0.79607843]
DK/RA,Madina,15,,"DK/RA, in Madina (15 responses)",[0.90588235 0.54117647 0.76470588],[0.90588235 0.54117647 0.76470588],24,,"DK/RA, in Madina (24 responses)",[0.90588235 0.54117647 0.76470588],[0.90588235 0.54117647 0.76470588],34,Madina,"DK/RA, in Madina (34 responses)",[0.90588235 0.54117647 0.76470588],[0.90588235 0.54117647 0.76470588],35,Madina,"DK/RA, in Madina (35 responses)",[0.90588235 0.54117647 0.76470588],[0.90588235 0.54117647 0.76470588],3,,"DK/RA, in Madina (3 responses)",[0.90588235 0.54117647 0.76470588],[0.90588235 0.54117647 0.76470588],5,,"DK/RA, in Madina (5 responses)",[0.90588235 0.54117647 0.76470588],[0.90588235 0.54117647 0.76470588],2,,"DK/RA, in Madina (2 responses)",[0.90588235 0.54117647 0.76470588],[0.90588235 0.54117647 0.76470588],5,,"DK/RA, in Madina (5 responses)",[0.90588235 0.54117647 0.76470588],[0.90588235 0.54117647 0.76470588],10,,"DK/RA, in Madina (10 responses)",[0.90588235 0.54117647 0.76470588],[0.90588235 0.54117647 0.76470588],23,,"DK/RA, in Madina (23 responses)",[0.90588235 0.54117647 0.76470588],[0.90588235 0.54117647 0.76470588],4,,"DK/RA, in Madina (4 responses)",[0.90588235 0.54117647 0.76470588],[0.90588235 0.54117647 0.76470588],35,Madina,"DK/RA, in Madina (35 responses)",[0.90588235 0.54117647 0.76470588],[0.90588235 0.54117647 0.76470588],13,,"DK/RA, in Madina (13 responses)",[0.90588235 0.54117647 0.76470588],[0.90588235 0.54117647 0.76470588],2,,"DK/RA, in Madina (2 responses)",[0.90588235 0.54117647 0.76470588],[0.90588235 0.54117647 0.76470588],1,,"DK/RA, in Madina (1 responses)",[0.90588235 0.54117647 0.76470588],[0.90588235 0.54117647 0.76470588],2,,"DK/RA, in Madina (2 responses)",[0.90588235 0.54117647 0.76470588],[0.90588235 0.54117647 0.76470588],10,,"DK/RA, in Madina (10 responses)",[0.90588235 0.54117647 0.76470588],[0.90588235 0.54117647 0.76470588],16,,"DK/RA, in Madina (16 responses)",[0.90588235 0.54117647 0.76470588],[0.90588235 0.54117647 0.76470588],8,,"DK/RA, in Madina (8 responses)",[0.90588235 0.54117647 0.76470588],[0.90588235 0.54117647 0.76470588],3,,"DK/RA, in Madina (3 responses)",[0.90588235 0.54117647 0.76470588],[0.90588235 0.54117647 0.76470588]
DK/RA,Old Fadama,7,,"DK/RA, in Old Fadama (7 responses)",[0.91764706 0.56570856 0.7814128 ],[0.90588235 0.54117647 0.76470588],25,,"DK/RA, in Old Fadama (25 responses)",[0.91764706 0.56570856 0.7814128 ],[0.90588235 0.54117647 0.76470588],54,Old Fadama,"DK/RA, in Old Fadama (54 responses)",[0.91764706 0.56570856 0.7814128 ],[0.90588235 0.54117647 0.76470588],17,,"DK/RA, in Old Fadama (17 responses)",[0.91764706 0.56570856 0.7814128 ],[0.90588235 0.54117647 0.76470588],2,,"DK/RA, in Old Fadama (2 responses)",[0.91764706 0.56570856 0.7814128 ],[0.90588235 0.54117647 0.76470588],2,,"DK/RA, in Old Fadama (2 responses)",[0.91764706 0.56570856 0.7814128 ],[0.90588235 0.54117647 0.76470588],1,,"DK/RA, in Old Fadama (1 responses)",[0.91764706 0.56570856 0.7814128 ],[0.90588235 0.54117647 0.76470588],24,,"DK/RA, in Old Fadama (24 responses)",[0.91764706 0.56570856 0.7814128 ],[0.90588235 0.54117647 0.76470588],9,,"DK/RA, in Old Fadama (9 responses)",[0.91764706 0.56570856 0.7814128 ],[0.90588235 0.54117647 0.76470588],22,,"DK/RA, in Old Fadama (22 responses)",[0.91764706 0.56570856 0.7814128 ],[0.90588235 0.54117647 0.76470588],1,,"DK/RA, in Old Fadama (1 responses)",[0.91764706 0.56570856 0.7814128 ],[0.90588235 0.54117647 0.76470588],48,Old Fadama,"DK/RA, in Old Fadama (48 responses)",[0.91764706 0.56570856 0.7814128 ],[0.90588235 0.54117647 0.76470588],17,,"DK/RA, in Old Fadama (17 responses)",[0.91764706 0.56570856 0.7814128 ],[0.90588235 0.54117647 0.76470588],4,,"DK/RA, in Old Fadama (4 responses)",[0.91764706 0.56570856 0.7814128 ],[0.90588235 0.54117647 0.76470588],1,,"DK/RA, in Old Fadama (1 responses)",[0.91764706 0.56570856 0.7814128 ],[0.90588235 0.54117647 0.76470588],2,,"DK/RA, in Old Fadama (2 responses)",[0.91764706 0.56570856 0.7814128 ],[0.90588235 0.54117647 0.76470588],14,,"DK/RA, in Old Fadama (14 responses)",[0.91764706 0.56570856 0.7814128 ],[0.90588235 0.54117647 0.76470588],20,,"DK/RA, in Old Fadama (20 responses)",[0.91764706 0.56570856 0.7814128 ],[0.90588235 0.54117647 0.76470588],10,,"DK/RA, in Old Fadama (10 responses)",[0.91764706 0.56570856 0.7814128 ],[0.90588235 0.54117647 0.76470588],5,,"DK/RA, in Old Fadama (5 responses)",[0.91764706 0.56570856 0.7814128 ],[0.90588235 0.54117647 0.76470588]
DK/RA,James Town,1,,"DK/RA, in James Town (1 responses)",[0.92941176 0.59068946 0.79829345],[0.90588235 0.54117647 0.76470588],18,,"DK/RA, in James Town (18 responses)",[0.92941176 0.59068946 0.79829345],[0.90588235 0.54117647 0.76470588],15,,"DK/RA, in James Town (15 responses)",[0.92941176 0.59068946 0.79829345],[0.90588235 0.54117647 0.76470588],15,,"DK/RA, in James Town (15 responses)",[0.92941176 0.59068946 0.79829345],[0.90588235 0.54117647 0.76470588],4,,"DK/RA, in James Town (4 responses)",[0.92941176 0.59068946 0.79829345],[0.90588235 0.54117647 0.76470588],8,,"DK/RA, in James Town (8 responses)",[0.92941176 0.59068946 0.79829345],[0.90588235 0.54117647 0.76470588],4,,"DK/RA, in James Town (4 responses)",[0.92941176 0.59068946 0.79829345],[0.90588235 0.54117647 0.76470588],4,,"DK/RA, in James Town (4 responses)",[0.92941176 0.59068946 0.79829345],[0.90588235 0.54117647 0.76470588],4,,"DK/RA, in James Town (4 responses)",[0.92941176 0.59068946 0.79829345],[0.90588235 0.54117647 0.76470588],12,,"DK/RA, in James Town (12 responses)",[0.92941176 0.59068946 0.79829345],[0.90588235 0.54117647 0.76470588],2,,"DK/RA, in James Town (2 responses)",[0.92941176 0.59068946 0.79829345],[0.90588235 0.54117647 0.76470588],38,James Town,"DK/RA, in James Town (38 responses)",[0.92941176 0.59068946 0.79829345],[0.90588235 0.54117647 0.76470588],8,,"DK/RA, in James Town (8 responses)",[0.92941176 0.59068946 0.79829345],[0.90588235 0.54117647 0.76470588],2,,"DK/RA, in James Town (2 responses)",[0.92941176 0.59068946 0.79829345],[0.90588235 0.54117647 0.76470588],0,,"DK/RA, in James Town (0 responses)",[0.92941176 0.59068946 0.79829345],[0.90588235 0.54117647 0.76470588],2,,"DK/RA, in James Town (2 responses)",[0.92941176 0.59068946 0.79829345],[0.90588235 0.54117647 0.76470588],9,,"DK/RA, in James Town (9 responses)",[0.92941176 0.59068946 0.79829345],[0.90588235 0.54117647 0.76470588],5,,"DK/RA, in James Town (5 responses)",[0.92941176 0.59068946 0.79829345],[0.90588235 0.54117647 0.76470588],7,,"DK/RA, in James Town (7 responses)",[0.92941176 0.59068946 0.79829345],[0.90588235 0.54117647 0.76470588],3,,"DK/RA, in James Town (3 responses)",[0.92941176 0.59068946 0.79829345],[0.90588235 0.54117647 0.76470588]
DK/RA,Kawangware,13,,"DK/RA, in Kawangware (13 responses)",[0.94117647 0.61611917 0.81534784],[0.90588235 0.54117647 0.76470588],19,,"DK/RA, in Kawangware (19 responses)",[0.94117647 0.61611917 0.81534784],[0.90588235 0.54117647 0.76470588],26,,"DK/RA, in Kawangware (26 responses)",[0.94117647 0.61611917 0.81534784],[0.90588235 0.54117647 0.76470588],14,,"DK/RA, in Kawangware (14 responses)",[0.94117647 0.61611917 0.81534784],[0.90588235 0.54117647 0.76470588],13,,"DK/RA, in Kawangware (13 responses)",[0.94117647 0.61611917 0.81534784],[0.90588235 0.54117647 0.76470588],14,,"DK/RA, in Kawangware (14 responses)",[0.94117647 0.61611917 0.81534784],[0.90588235 0.54117647 0.76470588],11,,"DK/RA, in Kawangware (11 responses)",[0.94117647 0.61611917 0.81534784],[0.90588235 0.54117647 0.76470588],11,,"DK/RA, in Kawangware (11 responses)",[0.94117647 0.61611917 0.81534784],[0.90588235 0.54117647 0.76470588],21,,"DK/RA, in Kawangware (21 responses)",[0.94117647 0.61611917 0.81534784],[0.90588235 0.54117647 0.76470588],23,,"DK/RA, in Kawangware (23 responses)",[0.94117647 0.61611917 0.81534784],[0.90588235 0.54117647 0.76470588],11,,"DK/RA, in Kawangware (11 responses)",[0.94117647 0.61611917 0.81534784],[0.90588235 0.54117647 0.76470588],24,,"DK/RA, in Kawangware (24 responses)",[0.94117647 0.61611917 0.81534784],[0.90588235 0.54117647 0.76470588],25,,"DK/RA, in Kawangware (25 responses)",[0.94117647 0.61611917 0.81534784],[0.90588235 0.54117647 0.76470588],10,,"DK/RA, in Kawangware (10 responses)",[0.94117647 0.61611917 0.81534784],[0.90588235 0.54117647 0.76470588],9,,"DK/RA, in Kawangware (9 responses)",[0.94117647 0.61611917 0.81534784],[0.90588235 0.54117647 0.76470588],13,,"DK/RA, in Kawangware (13 responses)",[0.94117647 0.61611917 0.81534784],[0.90588235 0.54117647 0.76470588],21,,"DK/RA, in Kawangware (21 responses)",[0.94117647 0.61611917 0.81534784],[0.90588235 0.54117647 0.76470588],31,,"DK/RA, in Kawangware (31 responses)",[0.94117647 0.61611917 0.81534784],[0.90588235 0.54117647 0.76470588],16,,"DK/RA, in Kawangware (16 responses)",[0.94117647 0.61611917 0.81534784],[0.90588235 0.54117647 0.76470588],13,,"DK/RA, in Kawangware (13 responses)",[0.94117647 0.61611917 0.81534784],[0.90588235 0.54117647 0.76470588]
DK/RA,Kayole,3,,"DK/RA, in Kayole (3 responses)",[0.95294118 0.64199771 0.83257596],[0.90588235 0.54117647 0.76470588],10,,"DK/RA, in Kayole (10 responses)",[0.95294118 0.64199771 0.83257596],[0.90588235 0.54117647 0.76470588],14,,"DK/RA, in Kayole (14 responses)",[0.95294118 0.64199771 0.83257596],[0.90588235 0.54117647 0.76470588],10,,"DK/RA, in Kayole (10 responses)",[0.95294118 0.64199771 0.83257596],[0.90588235 0.54117647 0.76470588],2,,"DK/RA, in Kayole (2 responses)",[0.95294118 0.64199771 0.83257596],[0.90588235 0.54117647 0.76470588],8,,"DK/RA, in Kayole (8 responses)",[0.95294118 0.64199771 0.83257596],[0.90588235 0.54117647 0.76470588],2,,"DK/RA, in Kayole (2 responses)",[0.95294118 0.64199771 0.83257596],[0.90588235 0.54117647 0.76470588],3,,"DK/RA, in Kayole (3 responses)",[0.95294118 0.64199771 0.83257596],[0.90588235 0.54117647 0.76470588],10,,"DK/RA, in Kayole (10 responses)",[0.95294118 0.64199771 0.83257596],[0.90588235 0.54117647 0.76470588],17,,"DK/RA, in Kayole (17 responses)",[0.95294118 0.64199771 0.83257596],[0.90588235 0.54117647 0.76470588],7,,"DK/RA, in Kayole (7 responses)",[0.95294118 0.64199771 0.83257596],[0.90588235 0.54117647 0.76470588],25,,"DK/RA, in Kayole (25 responses)",[0.95294118 0.64199771 0.83257596],[0.90588235 0.54117647 0.76470588],10,,"DK/RA, in Kayole (10 responses)",[0.95294118 0.64199771 0.83257596],[0.90588235 0.54117647 0.76470588],2,,"DK/RA, in Kayole (2 responses)",[0.95294118 0.64199771 0.83257596],[0.90588235 0.54117647 0.76470588],1,,"DK/RA, in Kayole (1 responses)",[0.95294118 0.64199771 0.83257596],[0.90588235 0.54117647 0.76470588],3,,"DK/RA, in Kayole (3 responses)",[0.95294118 0.64199771 0.83257596],[0.90588235 0.54117647 0.76470588],13,,"DK/RA, in Kayole (13 responses)",[0.95294118 0.64199771 0.83257596],[0.90588235 0.54117647 0.76470588],19,,"DK/RA, in Kayole (19 responses)",[0.95294118 0.64199771 0.83257596],[0.90588235 0.54117647 0.76470588],13,,"DK/RA, in Kayole (13 responses)",[0.95294118 0.64199771 0.83257596],[0.90588235 0.54117647 0.76470588],2,,"DK/RA, in Kayole (2 responses)",[0.95294118 0.64199771 0.83257596],[0.90588235 0.54117647 0.76470588]
DK/RA,Ongata Rongai,4,,"DK/RA, in Ongata Rongai (4 responses)",[0.96470588 0.66832506 0.84997782],[0.90588235 0.54117647 0.76470588],11,,"DK/RA, in Ongata Rongai (11 responses)",[0.96470588 0.66832506 0.84997782],[0.90588235 0.54117647 0.76470588],17,,"DK/RA, in Ongata Rongai (17 responses)",[0.96470588 0.66832506 0.84997782],[0.90588235 0.54117647 0.76470588],6,,"DK/RA, in Ongata Rongai (6 responses)",[0.96470588 0.66832506 0.84997782],[0.90588235 0.54117647 0.76470588],6,,"DK/RA, in Ongata Rongai (6 responses)",[0.96470588 0.66832506 0.84997782],[0.90588235 0.54117647 0.76470588],7,,"DK/RA, in Ongata Rongai (7 responses)",[0.96470588 0.66832506 0.84997782],[0.90588235 0.54117647 0.76470588],4,,"DK/RA, in Ongata Rongai (4 responses)",[0.96470588 0.66832506 0.84997782],[0.90588235 0.54117647 0.76470588],7,,"DK/RA, in Ongata Rongai (7 responses)",[0.96470588 0.66832506 0.84997782],[0.90588235 0.54117647 0.76470588],7,,"DK/RA, in Ongata Rongai (7 responses)",[0.96470588 0.66832506 0.84997782],[0.90588235 0.54117647 0.76470588],15,,"DK/RA, in Ongata Rongai (15 responses)",[0.96470588 0.66832506 0.84997782],[0.90588235 0.54117647 0.76470588],7,,"DK/RA, in Ongata Rongai (7 responses)",[0.96470588 0.66832506 0.84997782],[0.90588235 0.54117647 0.76470588],24,,"DK/RA, in Ongata Rongai (24 responses)",[0.96470588 0.66832506 0.84997782],[0.90588235 0.54117647 0.76470588],16,,"DK/RA, in Ongata Rongai (16 responses)",[0.96470588 0.66832506 0.84997782],[0.90588235 0.54117647 0.76470588],0,,"DK/RA, in Ongata Rongai (0 responses)",[0.96470588 0.66832506 0.84997782],[0.90588235 0.54117647 0.76470588],0,,"DK/RA, in Ongata Rongai (0 responses)",[0.96470588 0.66832506 0.84997782],[0.90588235 0.54117647 0.76470588],0,,"DK/RA, in Ongata Rongai (0 responses)",[0.96470588 0.66832506 0.84997782],[0.90588235 0.54117647 0.76470588],12,,"DK/RA, in Ongata Rongai (12 responses)",[0.96470588 0.66832506 0.84997782],[0.90588235 0.54117647 0.76470588],22,,"DK/RA, in Ongata Rongai (22 responses)",[0.96470588 0.66832506 0.84997782],[0.90588235 0.54117647 0.76470588],5,,"DK/RA, in Ongata Rongai (5 responses)",[0.96470588 0.66832506 0.84997782],[0.90588235 0.54117647 0.76470588],2,,"DK/RA, in Ongata Rongai (2 responses)",[0.96470588 0.66832506 0.84997782],[0.90588235 0.54117647 0.76470588]
DK/RA,Berea,3,,"DK/RA, in Berea (3 responses)",[0.97647059 0.69510122 0.86755341],[0.90588235 0.54117647 0.76470588],44,Berea,"DK/RA, in Berea (44 responses)",[0.97647059 0.69510122 0.86755341],[0.90588235 0.54117647 0.76470588],42,Berea,"DK/RA, in Berea (42 responses)",[0.97647059 0.69510122 0.86755341],[0.90588235 0.54117647 0.76470588],87,Berea,"DK/RA, in Berea (87 responses)",[0.97647059 0.69510122 0.86755341],[0.90588235 0.54117647 0.76470588],9,,"DK/RA, in Berea (9 responses)",[0.97647059 0.69510122 0.86755341],[0.90588235 0.54117647 0.76470588],5,,"DK/RA, in Berea (5 responses)",[0.97647059 0.69510122 0.86755341],[0.90588235 0.54117647 0.76470588],4,,"DK/RA, in Berea (4 responses)",[0.97647059 0.69510122 0.86755341],[0.90588235 0.54117647 0.76470588],7,,"DK/RA, in Berea (7 responses)",[0.97647059 0.69510122 0.86755341],[0.90588235 0.54117647 0.76470588],17,,"DK/RA, in Berea (17 responses)",[0.97647059 0.69510122 0.86755341],[0.90588235 0.54117647 0.76470588],23,,"DK/RA, in Berea (23 responses)",[0.97647059 0.69510122 0.86755341],[0.90588235 0.54117647 0.76470588],6,,"DK/RA, in Berea (6 responses)",[0.97647059 0.69510122 0.86755341],[0.90588235 0.54117647 0.76470588],31,,"DK/RA, in Berea (31 responses)",[0.97647059 0.69510122 0.86755341],[0.90588235 0.54117647 0.76470588],13,,"DK/RA, in Berea (13 responses)",[0.97647059 0.69510122 0.86755341],[0.90588235 0.54117647 0.76470588],3,,"DK/RA, in Berea (3 responses)",[0.97647059 0.69510122 0.86755341],[0.90588235 0.54117647 0.76470588],1,,"DK/RA, in Berea (1 responses)",[0.97647059 0.69510122 0.86755341],[0.90588235 0.54117647 0.76470588],2,,"DK/RA, in Berea (2 responses)",[0.97647059 0.69510122 0.86755341],[0.90588235 0.54117647 0.76470588],13,,"DK/RA, in Berea (13 responses)",[0.97647059 0.69510122 0.86755341],[0.90588235 0.54117647 0.76470588],7,,"DK/RA, in Berea (7 responses)",[0.97647059 0.69510122 0.86755341],[0.90588235 0.54117647 0.76470588],6,,"DK/RA, in Berea (6 responses)",[0.97647059 0.69510122 0.86755341],[0.90588235 0.54117647 0.76470588],4,,"DK/RA, in Berea (4 responses)",[0.97647059 0.69510122 0.86755341],[0.90588235 0.54117647 0.76470588]
DK/RA,Katlehong,5,,"DK/RA, in Katlehong (5 responses)",[0.98823529 0.7223262  0.88530274],[0.90588235 0.54117647 0.76470588],15,,"DK/RA, in Katlehong (15 responses)",[0.98823529 0.7223262  0.88530274],[0.90588235 0.54117647 0.76470588],22,,"DK/RA, in Katlehong (22 responses)",[0.98823529 0.7223262  0.88530274],[0.90588235 0.54117647 0.76470588],59,Katlehong,"DK/RA, in Katlehong (59 responses)",[0.98823529 0.7223262  0.88530274],[0.90588235 0.54117647 0.76470588],2,,"DK/RA, in Katlehong (2 responses)",[0.98823529 0.7223262  0.88530274],[0.90588235 0.54117647 0.76470588],5,,"DK/RA, in Katlehong (5 responses)",[0.98823529 0.7223262  0.88530274],[0.90588235 0.54117647 0.76470588],3,,"DK/RA, in Katlehong (3 responses)",[0.98823529 0.7223262  0.88530274],[0.90588235 0.54117647 0.76470588],8,,"DK/RA, in Katlehong (8 responses)",[0.98823529 0.7223262  0.88530274],[0.90588235 0.54117647 0.76470588],19,,"DK/RA, in Katlehong (19 responses)",[0.98823529 0.7223262  0.88530274],[0.90588235 0.54117647 0.76470588],19,,"DK/RA, in Katlehong (19 responses)",[0.98823529 0.7223262  0.88530274],[0.90588235 0.54117647 0.76470588],5,,"DK/RA, in Katlehong (5 responses)",[0.98823529 0.7223262  0.88530274],[0.90588235 0.54117647 0.76470588],26,,"DK/RA, in Katlehong (26 responses)",[0.98823529 0.7223262  0.88530274],[0.90588235 0.54117647 0.76470588],7,,"DK/RA, in Katlehong (7 responses)",[0.98823529 0.7223262  0.88530274],[0.90588235 0.54117647 0.76470588],6,,"DK/RA, in Katlehong (6 responses)",[0.98823529 0.7223262  0.88530274],[0.90588235 0.54117647 0.76470588],0,,"DK/RA, in Katlehong (0 responses)",[0.98823529 0.7223262  0.88530274],[0.90588235 0.54117647 0.76470588],4,,"DK/RA, in Katlehong (4 responses)",[0.98823529 0.7223262  0.88530274],[0.90588235 0.54117647 0.76470588],9,,"DK/RA, in Katlehong (9 responses)",[0.98823529 0.7223262  0.88530274],[0.90588235 0.54117647 0.76470588],9,,"DK/RA, in Katlehong (9 responses)",[0.98823529 0.7223262  0.88530274],[0.90588235 0.54117647 0.76470588],9,,"DK/RA, in Katlehong (9 responses)",[0.98823529 0.7223262  0.88530274],[0.90588235 0.54117647 0.76470588],1,,"DK/RA, in Katlehong (1 responses)",[0.98823529 0.7223262  0.88530274],[0.90588235 0.54117647 0.76470588]
DK/RA,Diepsloot,2,,"DK/RA, in Diepsloot (2 responses)",[1.         0.75       0.90322581],[0.90588235 0.54117647 0.76470588],18,,"DK/RA, in Diepsloot (18 responses)",[1.         0.75       0.90322581],[0.90588235 0.54117647 0.76470588],30,,"DK/RA, in Diepsloot (30 responses)",[1.         0.75       0.90322581],[0.90588235 0.54117647 0.76470588],69,Diepsloot,"DK/RA, in Diepsloot (69 responses)",[1.         0.75       0.90322581],[0.90588235 0.54117647 0.76470588],2,,"DK/RA, in Diepsloot (2 responses)",[1.         0.75       0.90322581],[0.90588235 0.54117647 0.76470588],4,,"DK/RA, in Diepsloot (4 responses)",[1.         0.75       0.90322581],[0.90588235 0.54117647 0.76470588],1,,"DK/RA, in Diepsloot (1 responses)",[1.         0.75       0.90322581],[0.90588235 0.54117647 0.76470588],7,,"DK/RA, in Diepsloot (7 responses)",[1.         0.75       0.90322581],[0.90588235 0.54117647 0.76470588],20,,"DK/RA, in Diepsloot (20 responses)",[1.         0.75       0.90322581],[0.90588235 0.54117647 0.76470588],21,,"DK/RA, in Diepsloot (21 responses)",[1.         0.75       0.90322581],[0.90588235 0.54117647 0.76470588],5,,"DK/RA, in Diepsloot (5 responses)",[1.         0.75       0.90322581],[0.90588235 0.54117647 0.76470588],17,,"DK/RA, in Diepsloot (17 responses)",[1.         0.75       0.90322581],[0.90588235 0.54117647 0.76470588],10,,"DK/RA, in Diepsloot (10 responses)",[1.         0.75       0.90322581],[0.90588235 0.54117647 0.76470588],1,,"DK/RA, in Diepsloot (1 responses)",[1.         0.75       0.90322581],[0.90588235 0.54117647 0.76470588],0,,"DK/RA, in Diepsloot (0 responses)",[1.         0.75       0.90322581],[0.90588235 0.54117647 0.76470588],1,,"DK/RA, in Diepsloot (1 responses)",[1.         0.75       0.90322581],[0.90588235 0.54117647 0.76470588],5,,"DK/RA, in Diepsloot (5 responses)",[1.         0.75       0.90322581],[0.90588235 0.54117647 0.76470588],5,,"DK/RA, in Diepsloot (5 responses)",[1.         0.75       0.90322581],[0.90588235 0.54117647 0.76470588],5,,"DK/RA, in Diepsloot (5 responses)",[1.         0.75       0.90322581],[0.90588235 0.54117647 0.76470588],0,,"DK/RA, in Diepsloot (0 responses)",[1.         0.75       0.90322581],[0.90588235 0.54117647 0.76470588]
